,Labels,Shape score 0,Shape score 1,Shape score 2,Shape score 3,Shape score 4,Shape score 5,Shape score 6,Shape score 7,Shape score 8,Shape score 9,Shape score 10,Shape score 11,Shape score 12,Shape score 13,Shape score 14,Shape score 15,Shape score 16,Shape score 17,Shape score 18,Shape score 19,Shape score 20
0,0,88.3078754215434,86.2967862423158,88.7219800747198,90.3276131045242,89.9677647613806,88.7523072693712,89.7016592214422,88.3905222283858,84.3042384362299,85.8657106114337,91.9236299728391,91.7296786389414,90.2234961459503,86.5697473174109,87.4227679950571,85.9849074218142,87.619912360349,89.5390845210211,90.6782026234999,91.1957739715063,88.699394325789
1,0,93.6941176470588,94.6619358953915,95.9316807021706,95.1640625,94.0756630265211,92.8841432524064,91.9259719096764,91.5736476465538,91.4688601645123,92.4172119769978,93.5782378046348,93.8503846000558,93.9576321520491,95.5698976136409,95.8968672026615,95.6368670886076,93.7127392532162,92.1137003440726,90.159172766353,90.4767459947115,91.1244901922703
2,0,88.3823413687275,89.7085147879986,86.9718028596533,84.6556466472615,84.6889304190028,84.8036076422244,82.4276788995642,83.1978533659538,84.0950928312207,87.0974520619911,91.0522567200401,90.5596352164577,88.9205909018186,86.9646232784229,82.8094039522305,81.2488419492311,83.0939285523576,85.8010426183694,89.2506026054221,92.8401401481719,91.754250592023
3,0,85.7847779494592,84.4716832721552,84.1819203066147,84.1055117850123,85.8612166354241,89.5794245106016,90.9708010980784,92.6470344255496,92.3616047076714,89.2438940035244,87.1856563725652,85.3823733978074,84.2399894625922,85.1319541144487,84.5997973657548,88.4185225154518,89.3121344427053,92.7671658054184,91.6179659950665,90.6641271944352,87.1469275491213
4,0,65.0783498560921,65.2738990332975,66.1917098445596,70.0565580393213,76.6688269604666,85.2651015563176,92.7942735949098,85.0544058032857,76.4187919463087,70.9748141810598,67.1934865900383,65.3582887700535,66.5351564611144,70.1338659181691,76.6628904353455,86.2648274381407,94.318978062847,86.1031596003241,76.4734325471445,71.141768210854,67.5373931623932
5,0,80.1501313649443,81.0952719155844,84.5903459413086,90.2006485610053,91.8011060988353,86.4557384627238,80.9045353954163,75.7368817474266,73.2503810309072,73.4227819004073,75.5965973250358,80.0586216399028,86.7075872959275,91.2608794945317,88.8335972253638,84.2918389609072,80.3784126984127,75.9866000050758,74.2922316563173,74.2977883496128,75.908519728575
6,2,73.2674735967723,72.8902582159625,69.0899967531509,58.0765612136893,48.0682812955938,49.2430514488468,53.8609574212172,59.7427711952852,68.4383062680225,76.054054054054,80.6488572634626,81.5391593589356,66.4037096728589,54.7670290969058,49.2816340661243,49.4901653191746,54.1965985141524,59.574211082591,66.6843987351125,73.636686600746,75.1202279878881
7,0,74.9572722611519,74.9967988390456,74.1352433115652,78.2544565721269,84.5490601827902,88.6653935921918,92.2509537939805,90.5934103117202,86.8350554917719,82.8700322234157,78.760490639122,75.1065020009467,75.3992101648352,78.9202318050111,82.8121685264543,87.9147319544111,91.6687844133842,90.3625147878993,86.0101881867554,81.818566114305,77.9536222071767
8,0,91.2872217403874,90.9526123499451,89.4487287301616,87.6796641525544,87.4753888997286,90.6578687139287,93.0315739782487,95.3630240200439,93.3188759374718,90.5917756874617,90.9912356946255,90.9077710427934,89.7034759310208,89.7297004495965,90.1341979645141,88.8569705997092,91.7870790011552,91.5511280607335,91.5665674638747,91.3190024562095,91.7721747285647
9,0,70.7722119949617,70.1447133562367,68.3597256976944,69.6184694379832,73.144233027954,77.5303445575568,83.5464114273474,88.3829249319331,90.2838108966243,82.9099530652731,74.2428771151714,70.8587262985535,69.6642511374329,69.8869014510573,72.6701005641403,77.1240113241689,81.6045443186406,87.6864917900326,90.4669487249156,84.6144047035767,75.0770427259029
10,0,85.2325292215867,84.8365109157365,90.8435905133593,92.7483974358974,90.4843076306026,85.0429484618458,78.7950852160127,74.3990208078335,73.2607946432967,75.5455904334828,80.5623532937122,85.6553506635519,89.7650259708137,93.5899326549673,88.333005700806,83.1129748396645,79.7226777993141,76.6104756170981,74.3765648472709,75.8420208500401,80.3939167289953
11,0,86.4489337822671,87.8226008519168,88.8794664344159,90.5816404530819,90.5311035560048,87.5733212546711,87.5307277688821,88.945650950827,88.9678094977917,91.4837008074405,93.1850438586286,91.2407240446633,87.8530424799082,88.8738854096338,89.1768964797067,90.3138640615257,93.3292918930262,91.9224108070662,90.4490492892745,90.2193910403827,88.7359170797657
12,0,85.2395458321795,88.2639885222382,91.4467041684696,92.6592402170808,91.0046894983658,86.2693944802966,82.8218359587181,82.9741087162803,84.5931433292028,87.7456485120719,90.5602240896359,89.885877318117,88.5280771412365,87.4537695590327,87.9060610322036,91.6142857142857,89.990117181985,88.8391608391608,88.000554246917,86.3257365202891,84.272752268353
13,0,90.3380319169752,89.7278225806452,89.4737653250726,90.5431324670123,93.1619529250172,92.8031082342887,90.3008376263321,87.3661254772918,88.0103557238057,88.3040104820314,89.0666307840871,90.919455594879,94.1163468142382,93.5969471367702,92.2111200518738,90.4627398203499,88.8104791494278,88.0292220941462,86.7826100477353,86.4260540094762,89.2263190251746
14,0,87.1183988425368,88.1948507899356,87.3493399655634,84.7163816465751,85.6895259509087,89.6047337278107,92.7246306611771,92.949499878019,91.1005203520887,90.6292883748285,88.6437948367576,86.398944745713,87.9708086398589,91.6727896154788,91.3812261461906,89.8013181315245,90.7877744296169,88.8173468421551,87.4423689338847,87.8585723815877,87.8331735378715
15,0,71.4828684813593,72.2411574836919,74.6799510810417,79.161954245658,82.4040066777963,87.2561275056922,93.1252959347027,90.3100203198965,83.212455165703,76.8253146317851,71.9130724766563,70.8689363595906,74.0998554431224,79.4689712154708,83.3191565563863,89.5455467183381,92.8681172190967,86.7135529822832,81.7903147645183,76.6595920961536,72.8531511250382
16,0,83.8760012483096,84.2993958261879,88.1184659625359,85.3922190506396,83.6254407731488,84.9649434910004,86.3704052041696,86.9662921348315,86.3624394354329,85.522632440712,84.8901533112059,85.1919128099826,85.6091208674391,86.9853989082793,83.8664812239221,83.7799130276281,90.3118903172355,91.8134988772949,89.3848452284224,84.0484564282923,83.3333333333333
17,0,83.2296154459869,81.6418183242382,92.7631927870591,92.2577568161946,82.9448898596276,73.7351762926803,66.5969943909409,63.5056179775281,63.2695046684602,65.7470412242845,72.3632216829766,82.9761305534215,92.0751633986928,91.8577012465667,81.7663892462391,72.769190463715,66.0943867490469,63.3101669035961,63.4255954741322,65.878208354303,72.4311841371805
18,0,84.9681183014516,88.1370091896408,78.4527796383121,67.2712283594394,52.2064945878435,43.4660067367842,41.7442497261774,43.4306818959032,49.3378165099842,58.3475588938204,71.3757700205339,83.5626652206331,83.2685090412828,65.8283214871515,52.412702777014,45.6583605191921,42.83540802213,43.4732014511602,50.4937413073714,59.5561719833565,70.8406660349262
19,0,81.5015710269555,82.4047019311503,87.5398062199336,88.1883615128675,87.9118233716212,84.062034825354,79.1442935804918,75.2333919631985,72.1802257817443,72.9836435420192,77.9955188442631,84.2218270875969,92.5886181113265,88.6043185069137,85.2794325264282,82.2428933393496,78.0962552106659,75.9018260899582,73.9894252089374,74.1869509823644,77.3604364894537
20,0,90.391106918588,89.6271646361028,87.9305181191974,88.3851105513574,91.5456672341123,93.9215228852704,92.8072353911448,90.6908491649076,90.026074413788,88.9496221895434,89.0946349424179,90.5497687888271,93.4776720248825,93.9675800489744,91.4744824154865,90.2845022363628,90.6710326061892,90.5981183411354,88.9251738016831,90.2790087894232,90.7524067669876
21,0,69.0773832349107,67.8703076807342,70.4280448356278,75.2439024390244,81.6306181929744,88.0888753149576,94.1073066340569,88.6419187289948,80.1415711317997,74.3195448254652,70.3356632613872,69.0712974296206,70.9060428255734,74.5762711864407,79.9835563196054,87.2767181350288,92.0889894419306,87.5961393454984,79.412657459402,74.0100902002752,70.0175962053401
22,1,82.8724903134907,84.3871975019516,93.0022776312635,92.3789195201876,82.550633661021,73.5885560180571,69.5698135369256,67.5787315072506,68.4274276935803,71.4702989478704,77.3830651225748,84.6854353907506,89.7062293534686,86.6150734324158,81.2926771838945,75.5758858062401,71.9632364019889,68.9954897099674,68.7077852826164,69.7860333881966,74.591298712775
23,0,89.4632206759443,90.1757331648006,88.789644992809,85.551905139534,83.8707836310713,82.4329044377944,83.0073840351745,85.3104726598703,87.2575640031032,90.9985646914087,94.4178372772697,92.7477541708256,88.7789872219593,85.4014460920635,83.1913384709943,82.3405186354902,84.07065397547,85.0365031823287,90.6800721932966,92.7208972201592,91.5875586330132
24,0,87.7094845032631,87.0473521868327,88.7457249661974,89.818349719022,93.3605546821097,95.4727091090728,95.6457430226076,91.3739827275917,87.5234006299954,86.0709681035933,85.7919629717008,85.9945865202107,87.3065677013046,90.5087191279745,94.1870882142817,96.2687416103565,93.8647665869932,90.6077223642281,87.8101244439439,87.1840193978948,87.2919388740556
25,0,89.2330474486333,88.221511727235,87.5209177115417,86.6512392667925,89.0832819247378,90.2439024390244,89.5489589024464,89.1743052787942,93.039177468083,92.6441546972169,89.1456082838376,85.9683676514473,86.6809442452535,86.877548797754,89.2109817012555,90.5939802457595,90.6450271513135,91.5096745982582,91.3538581071238,89.6572422579381,88.034831086498
26,0,79.6488198042602,81.6588096641131,84.5651194231636,86.4752840036844,81.0346110904354,79.4613791062445,77.1260784455883,77.0830335300043,80.973870005095,89.9295669114341,92.3794950267789,87.9570383912249,81.0565073639916,76.5279728031927,77.0873641910999,82.5540395523532,82.599517490953,84.9436693277624,85.9056925012954,80.9065237853885,78.1474561655648
27,0,88.3501303826908,87.7206692995799,93.511673965801,94.6030323818057,89.1326049971176,82.8605846675351,79.0500948499965,77.0359935197577,77.0795163063393,79.3005790934581,83.652585733012,88.8927943760984,93.32435472002,92.3608610133806,88.2784852453535,82.795953958842,79.1659050324105,77.2675296808165,76.6845339993826,79.0580697736501,83.8346818527812
28,0,64.9767671261324,65.6982947092261,62.3432261269092,61.0116613929676,64.650623885918,71.7226474239326,80.8243806959587,89.795918367347,91.1924798410144,81.0630527566331,73.0585155609614,66.5383497326486,61.6929812922914,60.9632547328827,64.4237448127237,70.9717250139909,81.7075244564974,89.8150035900118,91.0333806818182,83.2258523611717,72.742257611568
29,0,79.0728476821192,77.4703445144446,77.4788688888265,79.2035766849018,80.5247363929191,81.1822795226992,81.482813970222,85.2741015319568,76.6571731725024,69.3797611972554,71.6685515681461,79.8805065607044,85.0680670110448,84.175669987372,81.8328286896858,79.0027838262451,77.5392828641405,77.9456867228015,78.4348763331064,82.3687444625454,80.4012836450895
30,0,84.8457633736822,83.7589730759608,82.1640012302015,82.3806007849842,85.4498392030748,89.0860552763819,92.4180649208092,93.1587887307444,92.6382887198639,90.8615930599369,88.4880029967863,85.6069058664631,83.1854956623453,82.4772057244382,84.1087683809228,87.8790224269045,91.1259763359369,93.7989910748933,93.5390625,90.8219421267531,87.4923997254094
31,0,88.0001196995541,88.8552300748235,82.8019703242573,79.9419551633251,78.804347826087,81.4808243886573,85.544447446636,87.4279571176875,88.2967178013082,85.60004721296,85.078701283615,83.3551198257081,83.4039527097099,82.8192501737108,80.9218722192561,80.1713225986871,82.5330363771344,84.5432764300689,88.2911012369401,93.5338709190299,92.1525819460869
32,0,88.7333323467168,87.7285205303429,86.3804696690242,84.3646482045846,83.3777011049806,82.4811053377421,82.6578073089701,84.8972084606485,87.497212517654,89.3719164524801,91.7810438265787,90.1967460658189,89.0651271444939,84.5159958111477,81.0557056289698,81.305594993191,79.7933426396304,82.4600412942722,88.2514874345085,89.578590208722,90.4204543785705
33,0,81.5358993338268,80.6549801965674,81.7051314875096,84.9259856368166,86.3618203610213,89.1980774095624,88.7360057782593,89.1117269544924,86.1265748608263,82.8055637762652,80.4237130644862,81.0555453035616,82.6807173229802,85.449168207024,88.7644602136231,89.4984439458638,92.2964264792033,88.7940118454998,84.6220961936962,80.884109916368,80.5772921895763
34,0,91.1436347478338,92.2211570993572,93.366533307221,94.0270337783452,94.9702904008704,93.1579535299374,92.1659500809649,90.7123080795369,89.2824067577807,88.0558413748992,88.7802981925202,91.9876387133024,94.0729269322821,94.5053396827186,95.4358598941322,93.9450721557221,92.3479380001119,90.2004454342984,88.7196227783823,87.9179310152835,89.4580156919481
35,0,96.3441394443754,95.0266502665027,94.4924230079844,94.3909670606393,95.2915713819013,95.6119525173967,96.3362423843241,96.6194741404219,96.8817382650522,95.6169702978477,95.9488095732746,95.7737725295214,96.4888224050528,96.7919075144509,96.6815885662655,95.8862574776694,95.4608766898812,95.6829817734999,96.0369609856263,95.1942363584265,96.3177492759619
36,0,93.5345634192897,94.3910422699959,95.4747977129078,96.2148159966963,95.6730363719858,94.715055022243,93.9052871493289,92.8198189791919,92.8021834711976,93.1526005201973,93.3363186028938,94.9897164752397,94.5188406068728,94.7732915196655,96.1910491535143,95.9532831853402,93.0211108833777,92.6489286114954,92.6323946818046,92.7424002974807,93.4557324304607
37,0,84.7883345421231,84.7780449635482,87.7166914314017,93.1330472103004,96.018968220582,94.0288814180929,88.9605462822458,85.0439993931118,82.8104202319833,82.0440515204634,82.6869435634863,84.65293668955,88.5353980604853,92.6853553921569,95.0598063413708,93.9485569930338,89.5307134681419,84.6901349869551,82.9444677044875,82.2252684487092,82.9901247799127
38,0,89.1125451423835,89.1347851677457,88.6154390934844,88.4299924379036,89.6253267499274,91.9546247818499,93.8404735392369,92.7519081711141,92.2596754057428,91.7710196779964,90.421227986673,88.8967761017451,88.9520426287744,88.3151061465583,90.7487951099095,91.94732548654,92.9940786773759,91.2800611512906,91.0039878020174,90.0421003391416,88.7258912916423
39,0,93.4990905852131,94.3594319562576,92.244026164731,91.934530054749,92.8155634350291,92.0069912984645,90.6419427710843,90.1173967412606,89.2716590506388,92.8528118841898,94.5968095446835,93.3181039406054,92.5274305886843,92.1575381788954,91.7833871553322,93.3522165614782,93.8622009569378,93.0506297567241,91.6212883028176,90.4504808503459,90.6890060942654
40,0,88.1915660479366,90.2586048223817,90.1884520998287,89.4084454928079,89.447539461467,92.8389693296942,90.1134224181476,89.5478131949592,88.5463163223045,89.2619575546405,88.2215743440233,84.7615251760329,87.163496051687,92.7282718197637,93.2681667281446,88.8229114328781,86.1673689456753,86.9793329987682,92.2108685555039,88.7419945105215,89.1492152517074
41,0,76.6606822262119,78.6732476334303,72.8850963660438,63.7079174269257,61.3099907295158,62.5455201009555,66.5594855305466,73.5078457251796,80.1533536812328,90.3269447576099,90.3930458241223,80.3635689111482,71.6779362046156,65.2533343131131,62.7042007001167,62.7976625273923,66.5399660491549,74.3943346999627,81.7974929115058,85.3838834809339,81.6705502778276
42,1,86.7577140304413,88.665822044635,87.3214628834945,86.5317381402957,87.3580813879321,91.0654376078955,89.9407903205046,87.3721849319365,84.8482962501945,82.1000617665225,85.7586693864742,90.1543904792538,91.4646415473988,90.9058751648069,89.3854928624368,87.0932156646443,85.8992527699047,85.882993023107,90.7867863973806,92.3555266156601,88.6658490931388
43,0,67.2423350816596,68.3817499028791,67.4547627176511,67.2351922995736,68.9666625150496,74.1679024550997,87.0431045487426,85.9179357021997,78.7565858798736,74.7890113675508,68.5050309434598,65.3820625570397,64.949486515822,65.8376310098153,70.287057243579,76.1856325492689,82.5410909705497,87.3438555030385,80.4685187534357,71.8074531534199,69.205876091122
44,0,82.8860340880183,82.4661059502887,82.9484230757113,84.1783828487817,83.5417976115651,85.2614847597083,88.2529274004684,88.6745935149643,89.346787375833,87.8558295821974,85.6566490882521,82.4815454688236,80.7740091936887,81.5747105083906,82.3554775324155,85.5921780838765,91.8398599868738,94.2986223791798,89.6139562462941,84.9290724863601,84.0130454056108
45,0,95.6261050042279,93.7485894831866,89.2047978676144,86.0560995361849,85.9331064081693,87.6556093924711,89.8429240296028,91.726784343822,92.4276341181011,90.4626716795826,87.9743008314437,89.538085041297,91.4250839182179,94.8394053762613,93.2189168573608,90.3308656896812,87.3579545454546,84.7542186353632,85.5577616001177,88.7392080976481,90.7312355872945
46,0,79.0761161803758,79.5518487907097,81.2774869109948,83.482721969754,87.4672840748943,90.1347663629875,91.1677627486917,89.2990412767668,85.2918523859465,83.5671492140306,82.8179272179844,80.8121204075537,80.0661452734032,81.5490699690808,86.6388585427219,91.6461895926316,93.8139476228509,91.8002174436265,86.8476043174938,82.2634441286167,79.9814765811061
47,0,85.8951359035981,84.745,90.586507327169,96.1632474165978,91.9074851109908,84.6256548926821,79.9102321814255,77.7862144604741,77.8204585836365,78.3828799273204,81.3150242869388,85.3376410325086,90.4244850304395,93.6604299363057,90.6866508662416,83.5750725217565,79.5898158870819,77.5150711155144,77.4172419005391,79.029287005898,81.1112984822934
48,0,90.8367671657623,89.5318394801498,89.9358844570426,87.9659775354062,86.8876807150935,86.4788732394366,86.6708902600264,86.1392181862572,86.6040159556487,88.1196258659263,90.8776667566838,94.0316553088591,92.670336290941,88.0420374928991,85.9732657107787,84.0582844475683,83.7045831703072,84.5148727590143,87.6848156915793,91.4794212747301,92.3072711344722
49,0,70.6265560165975,71.9817189285261,78.0110781914209,87.063618642566,86.2082262210797,82.2666329370099,77.5486299937252,76.5748362170334,78.8273893220845,80.9448278818536,82.7399886705303,80.592586031268,76.9066782684359,80.8954054994779,81.363952075013,83.4986945169713,85.6222046829782,85.8608641811508,84.0166573648736,76.3597288808067,70.6092600961341
50,0,57.8486564896042,57.3919286190452,55.4759242316424,55.1623905774821,56.8735257964852,64.4850559667053,80.0828872388189,87.4560114797226,78.6505297082319,65.0486916758405,60.4363736794863,57.4896121883656,55.6667748492561,55.7106208311955,58.0237221605939,64.6912189041985,78.6247289244062,91.2030164986095,76.6574726734089,64.9830387126468,61.0377537142562
51,0,91.3764961915125,92.1691247682559,92.1135034777067,93.6226749335695,93.5813494781251,93.0559720821178,92.1388504999594,92.7471570814517,94.299967288191,93.9635690364037,92.9315577916929,92.1621398950924,91.8009906680168,94.1187877444734,94.1417497231451,94.0919279408916,94.203339230429,94.0094443224248,94.7738528470189,94.0748213993565,92.6599253182153
52,0,83.934715112864,84.5752513989986,73.5564085447263,65.0843403307626,61.2991994663109,60.0194676033687,60.9220218440437,65.0141106103365,74.58140513252,85.5412056707753,92.6521191775074,85.2862877667441,75.6440778845336,66.9025057906928,61.2306028206515,58.5187329418576,59.6276905177429,64.7586322494133,74.8525943396226,85.9375656485022,92.2839634832632
53,0,93.0029461279461,92.606149341142,91.4906832298137,91.9507871963299,91.4660605434446,94.0355990423649,95.9949409780776,96.2151817988518,95.7073377035314,93.8408085912824,93.9169922906326,93.283503526687,92.1044386422977,92.6439899833055,93.4996854686517,93.2439455358071,95.0551181102362,94.4072056975283,95.1929158760278,94.651113913409,93.245503973233
54,0,84.4798018292683,84.8205764458866,89.0345649582837,93.6035435321014,96.2962962962963,92.0961704578174,87.1640786500649,83.4721486688171,80.6024384413101,80.266361162824,80.9573262839879,84.2564491654021,87.5422455876831,94.046714774022,96.2616822429907,92.0308976634841,86.5029217540026,82.5761191180682,80.7261899044234,79.9531683073688,81.2997284291772
55,0,89.315640905959,87.9671692233415,91.3260263140554,91.540865278817,84.8520840206752,80.5069987876116,79.6251324620276,79.3451382142542,80.6745609366685,82.3743967261971,84.712770658418,89.3976117942674,93.0706851978699,89.8568896190929,84.4681035604319,81.6853137575731,79.4437700033109,79.9184595954001,80.3099885189437,82.5631464464864,85.3842904466529
56,0,86.1386852108743,84.4841678808771,84.6197664483053,85.4688810003746,86.3839246021161,89.3844063918779,90.3399342293394,92.5730628295648,91.0574213351044,88.2517382266504,86.6872786755586,85.8278312042486,86.9014262730707,86.3828334201966,87.257726792777,91.2119357857606,91.285734503255,87.8744501082327,89.5162424412881,89.4040684649162,86.5647756900117
57,0,86.0197124647992,84.7270742358079,85.9420395119117,87.8813342588872,87.4151780801819,89.4940629839959,90.189432455843,89.0347258681467,84.7174483497801,85.2996496404204,88.0001504211793,88.7114310351292,88.7805958577916,91.7841588543589,88.0317577548006,88.4345142942117,87.9212026956973,85.7263606629672,85.924089967446,88.5629171537388,86.5124237464663
58,0,82.1044831419044,81.1065098558887,87.5677888058938,89.6797996209044,89.2166328195226,88.7673622760518,86.5686208521236,84.6622463060819,82.3767861365402,82.1485690951781,80.4299330764551,80.3651441182371,83.8114001402478,86.6188097522247,87.7263847962123,91.2466666666667,89.0005039475895,87.0850976642535,81.8051575931232,78.0092056028345,78.5559735028794
59,0,89.0845735636768,88.1551666943108,89.2101892101892,90.3902634859594,89.9177129284018,90.0085124494573,90.5859626529298,89.5329290350037,87.2915529046079,88.2314112937569,91.8545720053258,93.3049833319087,91.8238067177372,88.6895312891637,87.2524494475714,86.6591270838569,88.8719866472291,89.8509235108255,89.8225027535372,90.6974757613292,89.3295701076311
60,0,85.797758517925,85.3663749137856,88.1003591205925,88.7357640948833,86.9340096664593,83.6249000141157,83.2998701941485,85.8571672581655,88.8498759908574,85.9270189199421,83.7407749077491,83.8878827244195,81.253690495159,81.136486916185,85.4599742988888,91.3686223011857,92.1665270499308,86.5439282648097,84.8785093072933,82.9389382481766,82.8864101098007
61,0,87.7196520135968,86.168102471095,84.7925873129009,82.5198057756197,79.9234120487277,80.0904605263158,83.065472088215,86.8594693247227,93.6782436048687,90.6596958709278,81.7486338797814,79.4832785460078,78.621797489722,79.8857362595105,84.7684535503789,87.7478203320577,86.1922674435048,86.1134727654027,83.4314453906384,84.6687498208296,88.2772039257203
62,0,82.8273430614044,81.7500360386334,79.8044679544703,77.8075243060448,80.2634707756694,84.7157456096835,82.7275006267235,80.9669613314238,81.0063328715615,83.5252084160381,86.3592988800161,87.3175136707972,83.4027710493169,80.9309668468641,79.5545784744791,77.8885037550549,77.8081928636604,82.0792899985371,89.8435963013968,91.3793103448276,86.4995514801156
63,0,90.8906059373729,88.6114030954366,90.2057310800882,91.3112455726092,91.2925170068027,90.143230604956,89.8482605477424,88.8316656856975,88.8743025927142,89.7337569847705,91.6651474824078,95.2483480585047,92.4659518980006,88.7965616045845,86.3687983533253,87.2131029776229,89.2337817746673,90.1431133560265,91.7056806871383,92.3780828032586,91.0226729871753
64,0,83.051471578815,82.294842309818,80.7389887991432,81.7934928744286,83.6719358041921,87.5170311939763,91.4675159008394,95.1985283662733,94.8185331615655,89.8377561452638,85.41826144233,82.0657093665134,81.4205688020684,81.3419890194395,83.6214911496514,87.2930404243119,91.4665015079707,94.5178925553392,94.581372968349,90.5128686830735,85.9659960785367
65,0,85.1098487162258,85.8335910918651,87.1810398830653,84.4071039387764,82.999368082027,80.1903305635475,79.2925556377597,81.2063236330682,86.6618911174785,90.4849436160106,92.83608305627,87.6076415015467,83.0347295919429,80.1969410410328,79.2303454467547,79.9377979661572,86.5391873191596,85.6319607642791,84.8806893943917,83.9314812606812,83.0834557565757
66,0,84.7541735987608,83.5448045892559,84.4459486138139,89.2372832866053,92.5858003667802,94.2556917688266,89.1534851381888,86.7204843592331,86.620677661517,85.9846382991151,85.4133892676106,87.7445238374136,88.242774566474,89.4783810236629,87.4717736172645,89.4765276237596,89.5752674295219,89.6197476559787,87.3041661831264,86.1945657590058,85.0896990740741
67,0,89.6139681876355,88.7805572819557,89.7862599346691,89.7126229592625,89.4127420946051,88.6400519311912,84.5540434001525,83.0382959793801,81.9036289479189,81.8930844624937,84.3640910748711,89.0162668655857,91.2488581495498,91.0495839745429,88.6599527283938,86.403700372607,84.5607785435866,82.7667666108537,81.4601045160284,81.3654524699045,84.4343302990897
68,0,91.1336232013985,89.2062656311702,91.4375665129479,91.0222340331296,92.8778486375597,93.4536336363229,91.884874356379,92.6673468482456,91.4606146238078,91.6215621562156,91.5051235416759,89.9689027099067,89.5671920919049,91.1166055896508,92.333274210713,90.930755990997,91.8251452720549,93.3079915134371,93.2949678800857,92.6808548689976,90.2773449672795
69,0,73.1893176733781,74.1868906127678,71.0710498409332,73.5310936383131,77.0199370409234,80.2684959799366,82.0504349741218,78.9931054294743,77.8605112931249,76.6784078901022,79.2539710869177,81.0052752804815,76.2209595051428,71.9670983549178,71.2444102850755,75.6138412743666,81.6811129725399,87.5712066286898,87.4214290874937,86.1017669345986,78.7559137900824
70,0,64.0169634602243,63.1246649591995,69.4753830520632,79.182902584493,90.7969960757754,91.9914329750395,81.6455822691209,73.3879242701648,66.2322369471499,61.4915053338601,60.6453778857357,63.0701615457713,69.4066466697126,79.2967814072358,91.0957673963801,92.3567133467847,82.0579733418982,73.2000721775568,66.378964271377,62.5100563153661,61.7160191249146
71,0,86.5131139882542,85.7644686162035,85.4876183389144,87.0406715925584,89.2456042696703,91.7610693674882,94.3959656885769,94.5442668496821,92.3670590580944,89.6015962864633,85.3787860046673,84.0307429547395,86.2061812901888,88.2890719752415,90.5569609754074,94.3412717571358,94.6841243321037,93.0598067768363,90.2325122504687,86.9948212003016,86.6416389040823
72,0,91.5292041471605,90.8368669883511,89.9847039114284,86.0729773113874,85.2177016416845,88.2108919010178,92.0476599926299,90.568952615444,88.8989643487806,87.2620999358472,84.5071763501773,84.9618866126727,88.3882731154935,91.5507969575117,94.8489448171179,91.3128307684804,88.0674135599768,86.2957645369706,86.1096493326317,88.113645148821,90.0058317539
73,0,87.0394589939073,88.2673942701228,88.2653391090709,89.2958199356913,92.4927066450567,92.9736552527672,90.7738764496129,88.6280264123258,85.5021418372204,86.232159847764,86.7181491925147,87.4024382377604,89.0569908327457,89.3737837751619,91.4856060849193,92.0479901691298,90.4045276223551,86.8746001279591,85.0972475888366,87.5164679798207,88.4471969132
74,0,80.7739290668544,79.7232201175702,79.8020206143484,84.6529430019655,90.9591311924851,94.2667588710723,87.0781771339274,82.8076826931089,81.5093393506331,83.5539704185461,88.4257187306864,91.4297917778964,86.8124089110972,83.4323568988718,80.24350317168,79.3443757121927,83.1965773102123,88.6909875741257,92.4797310237695,90.7185628742515,84.0363536911199
75,0,92.5035617509847,93.1584303969241,91.3383056571911,92.4295252749114,91.7689782806062,91.6554227928392,91.3534357946319,91.9191207552487,93.2025483427353,95.6115188841081,94.9172360357822,92.2572842839464,92.5572060548669,91.2511243534967,92.6537914324755,94.3193528805568,91.4435128845021,91.6523271918412,92.1893293192842,93.9807888592162,93.8780388352245
76,0,77.6648038911311,76.8304721855408,75.7261597358719,72.6200755183834,71.5108883687799,77.0999013920371,84.2070219467848,82.5144583290303,83.6416259325958,83.5773368517203,76.9906234161176,77.2676472477359,75.8605107547706,72.4648915416715,72.9826604554866,77.3222145008107,86.333598012346,81.5118607516944,83.8789701667116,85.026599531434,79.3465894399338
77,0,82.0971209571883,83.4912493172805,86.6635448372746,86.773607748184,85.668923651646,85.2436674655764,80.9261223047013,79.4217646639245,78.3215780035864,77.8129877500828,78.150769733922,82.2995567854044,85.1663064925303,89.5195272958403,90.7951691976563,86.2209903222776,79.9170974803223,76.5640954237446,76.2549745165119,76.6147202403305,79.2561575195841
78,0,89.9440314738379,90.8626466479765,93.5692706085455,91.3229575795567,93.4402876566982,92.5070461263491,91.4432596733681,91.6302701646392,90.6777341076631,89.409952421808,90.9611319868483,92.1021219504977,92.767658818303,92.5709016353238,92.7145503189957,93.0895834979847,93.0757320236299,91.0011437135195,92.1041471472952,90.9769978657814,91.0433147959583
79,0,84.8536480378793,83.7536054927359,87.4816301659558,89.3870082342177,92.4067659198113,92.2605759828792,92.6185126523997,88.7189362677671,87.9700480979449,90.3884955427565,90.480559276317,91.3622115084966,88.6912652820739,88.8699245418613,86.2769449126231,86.4296391202221,88.4559884559885,90.6015037593985,92.7929897433095,89.3348728945584,87.6279940254458
80,1,85.5111427831044,86.4771014872568,89.4940989258719,93.3163104574622,90.7175342734679,86.0296257964358,82.6065498081546,82.513938970343,82.2741517267709,85.2724358974359,89.9526590639184,90.4964210735126,87.1007270647823,84.0490503293471,82.4113655505586,86.4469401041667,89.9614345045817,89.4969910298626,86.9843254159054,85.2871879775853,83.9271702403638
81,1,86.0399883311267,87.039144287665,87.8360987268465,88.3682648613558,92.2001025688843,92.8959985248018,89.7918481500161,86.6310646517441,84.4146733349929,84.8048169947906,87.1304819849366,88.2727375693737,90.3547082611208,90.8815369191672,87.8542139142785,84.9822160802882,85.2430124048173,89.6321378388962,93.077744751997,88.9708050722501,86.20157120795
82,1,85.8273476988561,84.7077084517511,84.1394458701231,84.2183880674561,83.4751803689463,85.7286674107631,90.7549418670025,88.5031579877214,85.5261725976711,85.9804265777232,89.7258143358663,92.14747910488,89.4266699095673,87.0981792839097,84.7937753310648,84.8150976328133,86.0345735345735,88.7658122687698,91.5510494485948,94.2130723365958,89.966958385426
83,0,84.8388011723551,85.5175052611441,89.6398399288573,90.5585648552624,90.9924476958571,85.4672632422188,80.7554548798668,77.2586627717026,76.8153159195876,78.3438639357093,82.4529168580616,88.5201463782988,94.231223894712,92.0246961975696,87.1377128953771,82.9140949497302,81.8096246617249,79.9369109896354,77.6300877816408,78.6713019559902,81.4089796847436
84,0,86.9189750365721,88.5196519078129,90.3303130543171,91.967737316852,93.0913070371604,94.3167672124868,94.5099731492136,93.0222520621523,89.9122388629209,87.1008879652371,86.7997728993187,86.5487473022427,87.043466185252,89.2347057455222,93.834033117894,97.3849671334667,94.9908925318761,91.7654368189639,89.8279085374623,87.7662114411231,87.3385012919897
85,0,80.1735937239192,81.5389325441372,82.1054416002712,85.1557727550397,90.4075597403039,95.5276857548509,92.6977959402425,88.7861155023376,85.2520641739948,82.2101255677264,80.3696153460549,80.438578816576,81.8283015685613,84.5708515651296,89.600620657087,94.2557154953429,93.9539933500713,88.4474224721371,84.8322147651007,82.4911986588433,79.9493147487412
86,0,80.0328440931951,79.5852459682333,75.3692902812018,72.9377137856972,73.4174960919722,76.944019395481,83.832772393658,88.3334013799861,90.4177498337465,87.7735879990163,84.0518122012013,80.0135417949034,76.6229260627334,74.947993456264,74.3884749130651,75.897213914686,80.3327544012,87.0599258402775,88.7786993629042,88.0533117932149,84.4099668988486
87,0,87.1364939360529,85.9468992552625,84.7130393442912,83.0723018921109,83.5186905551869,86.1513616156597,87.9156044426221,88.1372609855771,92.1353606625848,92.5060931515655,90.9180906853127,88.2981271680403,85.2209651758883,84.433882193176,84.0685163961371,85.9292207907282,85.9256522580532,86.2528315037463,90.5696912347107,93.9412701220591,90.5133710716377
88,1,88.0340269992746,88.6637557908355,93.5987728167329,94.1874575979666,91.5204678362573,88.567467306179,87.5063127770608,87.4629987580656,89.2726430172406,90.9414111050091,89.7854299058265,89.6089364103251,89.6647513223487,89.829076863214,90.9158543331871,94.3754452852714,94.653168065286,90.2845246356697,87.8785297096716,86.3265229333634,86.3025668007065
89,2,81.0008782336718,81.4598267738575,73.8890760420176,68.5936648295076,64.0447260529258,64.4490644490645,69.7534603386134,76.4484961820165,80.9904837673266,78.5955627317307,78.2807048931031,77.4904562806762,75.179507992008,68.7466804255125,65.1408982451901,64.4707877201333,64.7570724800142,70.9154113557358,79.2037937596279,88.126539408867,86.6785964366296
90,1,86.0759915935551,86.2951103995731,80.2934311437146,77.0100753986789,76.5770579395558,77.4911684329801,80.6539053610869,83.1616258654388,87.9650036732786,92.6992321948636,90.2553191489362,83.8750610053685,78.9422103165529,76.6249588409615,77.4984898315323,77.8921078921079,79.6685193197324,82.8697410735007,88.4187604690117,92.2641572619805,91.4785214785215
91,1,86.1974154522958,87.2225018173685,88.415930193534,90.5247409541752,96.0438459826397,92.6217331499312,89.3107444401523,86.7994950326582,86.8005102323776,86.0755281983031,86.4861884545405,88.4264697656206,88.085225679843,91.3616071428571,93.5271682051849,94.585201793722,90.6574974840658,88.0345233424873,86.9188949295462,86.6466866466866,86.3798888827768
92,1,71.3287064976866,70.1515413710415,74.1901248294335,79.0315507055697,80.730458647807,81.8434072406481,75.5156627745486,73.273827844465,75.7640586797066,80.2515041185736,82.6385265574455,77.8436201323688,76.0094356194635,69.8456911851706,67.1906030515863,70.2335191235825,74.9458927693064,84.111113974283,86.5939225094155,75.2245231203147,70.9651157053338
93,0,89.2138370894666,90.6159398852139,89.0114896988906,85.4430756412545,85.7641713458066,83.4286841586112,82.5149770938565,81.1866999748252,84.6657903892991,83.3117648195005,87.6680602170798,91.6270818961269,87.3835055566387,82.4481360162221,84.0918014763625,85.0744792387885,82.1954484605087,80.9624124680594,82.4560053851332,82.3324747222329,83.8429210363973
94,1,76.1383420383019,76.2487495831944,70.7613670530852,67.4507458719559,66.9156642090286,64.9069309446668,73.1862729242811,80.9927240107645,85.5377421509686,84.1565170580715,81.3130973213084,77.2386561370633,70.3244991993726,63.9357038480273,65.9021357471894,72.5638568549053,78.9363850555369,80.0798536017302,80.6634542891795,81.9736023319032,82.4581228396703
95,1,74.6047036938613,74.3543782778995,77.9058281198551,84.7372948650079,92.3794507949021,90.5987377783591,83.6024681633189,77.0313520574788,73.3660238267623,72.4094214986321,72.4150578506885,74.4812933638748,78.8086979722519,86.1725184221933,91.2895631702851,91.6282894736842,83.3999344906649,77.4990148430317,73.4449524686688,71.6008081878706,71.9384370439167
96,0,94.1799058222946,93.398943831013,92.5113867359473,88.0400112830082,83.3414610357944,77.4059572995306,75.1873793080876,76.6712502062593,78.3130685794262,82.9174959589184,86.3201839962503,91.7524989960602,94.1019002062579,89.4404939088253,84.293836059109,78.3046511119372,74.8179703970962,75.4001327428814,78.3699705168228,82.0541662116414,87.2838272594512
97,2,78.7827604127998,77.7763510290935,82.4256961882988,84.983736551379,82.7006905065,78.7945748247486,77.05152044477,77.7383320012639,84.1641791044776,93.2132063200582,88.3966003506365,81.2536047182273,78.573536463905,75.6778572738947,74.6985515770899,77.8757589911257,84.9688383075911,80.699209669921,77.7810075758952,77.462035511955,76.4635058467264
98,2,69.4579613934453,69.0487224148676,61.3316143291279,46.9941031574233,42.0672969884078,41.9776258360519,46.3679596456842,46.8341394913403,44.840976924805,49.4613429248301,48.6212986682366,56.9973413626317,67.4001320567844,70.4237695903217,61.6680188220023,54.2851728439903,45.9946783534199,43.0856725285549,44.0277251848071,50.7382203462831,62.4916163648558
99,2,86.9468579511012,86.2907708384285,85.7938718662953,82.436691178114,75.6888563764935,72.100153295861,72.165202030366,75.4172072837904,82.2072932347721,84.8955543652919,88.3166054305941,84.2514824857262,82.2353714661407,79.3416373988351,75.8890658174098,72.5052818859113,72.2473537604457,74.5250755686958,79.094283267081,84.1481154948204,87.5987625470165
100,0,83.2355481052525,84.0704335456421,75.930962608983,68.9369900271985,65.4445084245049,66.2113918224677,69.4360916211902,75.3910349307881,84.2489117429932,91.8638864014328,87.0177300931367,80.7324120603015,74.0565622524301,69.8558355912274,66.5155197033845,66.1323413090765,69.1138183425849,73.0276267558858,80.7659070146416,87.7515985370587,89.9011042729472
101,1,69.8494720287576,69.2273748395379,62.2871695865596,55.8449677016045,51.3070973978893,50.8817314717905,53.9325842696629,59.6866460909395,70.0088801184016,80.7285734268529,83.4209014038256,74.4768303115024,63.2667310101238,53.6710956746497,49.3404756630485,51.4570261926103,56.1808945114055,62.9376962086453,71.4974280043744,85.7487822140805,80.4654673030637
102,1,91.1884894062704,92.6153202468533,90.849582172702,91.0788165351319,91.8794635080996,91.4424668874172,91.9448122082085,91.4889167712254,91.9165942658558,93.1839338045165,91.8405747519672,90.0398270756034,89.4725942289107,91.2513766519824,92.2328078988394,93.0797290255341,90.8390589215074,91.5613577023499,92.2852883048438,92.6189649183744,93.1522002143178
103,1,66.2368282641421,65.2143522833178,68.8495922628076,74.2680139970007,79.2953607039181,83.2146141777722,86.7067685471197,81.343228745683,73.6436116095377,69.408133286227,66.8831891911956,66.9910534964397,70.5133552142456,72.8825393415328,84.302744663155,86.5231331386914,81.1247176736307,76.8574563732257,72.6801992124993,71.0668742586002,66.6812593484368
104,0,87.1336856356728,85.3487872934106,90.9952403413233,90.6029285099053,87.2272531263476,81.6129171523551,77.9271635556716,73.3040255150418,71.8669967560184,73.4338200659444,80.1346801346801,85.8307893589184,90.5437763942705,93.3933802632154,88.2416211332444,80.7532621589561,74.4483985765125,73.3154556676457,72.9531848916835,74.4087801053961,79.7620604000523
105,0,73.5499388825362,73.3624970442185,73.7781074328545,78.1581823860087,83.6100468284376,88.6122242539781,89.8355929562101,89.2034415764641,85.7046554048695,80.1154560910996,74.390196001414,72.0302333735926,75.1347099311701,79.3822939997642,81.2166530357908,89.1398955530938,92.6650850138395,87.2225020340165,81.4185273893224,75.7809222319692,74.2306797922642
106,0,87.398263364916,86.2853508171054,87.8031886603421,88.614489753164,88.0420692185398,89.2953482978749,91.3139275834211,93.7501552525027,90.7747177997573,87.5052974439076,84.8334855110769,83.8760902255639,84.9589900776584,87.661887563387,92.0206236189541,96.1725999452695,93.2914820285574,89.933426000439,87.4089137434333,86.9665918874674,86.8545805537229
107,1,80.6043950631877,81.5459388542122,83.5215840953007,84.7807212373299,81.7984024188441,84.6019427455414,91.0148780612506,89.7272838449309,83.8983311938383,80.4512121737534,80.3759323719543,79.7781311894471,78.8350460234744,80.7963406579323,88.6257176243459,89.8710455139439,80.7613901753553,79.0358118628632,81.1827638031957,83.9366722484396,81.1006473209785
108,2,83.3612733892134,84.7586965488794,84.0883629743733,77.6431926498168,74.9770743470434,77.695596118613,78.2046463956269,82.594855470555,85.9733664956734,88.6047113642247,89.9233676618468,87.6938914382426,81.6519369825689,76.8272110717114,75.5655643655918,77.7378907591893,78.306228904572,82.0204130561359,89.0326856664457,86.5118477013434,82.787159898137
109,0,88.9787842576449,89.9652881086978,91.9087136929461,87.0095970796617,81.486013986014,79.5018786071193,80.4657053780203,82.8541084844432,85.3940636633289,88.1852570902468,91.3119614749368,91.797643412085,90.9589150698084,85.9257657374278,82.7355143870713,81.5868678468179,81.9955362480571,82.9355083763144,84.7089058021153,86.6778759677798,87.8865878865879
110,0,77.4142346008138,76.6805317957224,81.5358398315519,85.5610068829192,88.0645641569088,93.8083735909823,90.3438977443075,84.6884555395963,81.3453953768062,79.5467482567241,78.8590963457522,78.7741688412315,80.5061760233346,85.0875638116846,88.9972132525324,90.210620777027,89.3020302330094,86.8084689451229,82.9610653003496,78.5929930492172,77.6697578341318
111,0,93.6298491707436,92.3107753351636,90.7988171632033,88.3424776790234,87.1587359539167,86.494153883564,86.3357580944231,86.8953708799609,88.3722812341932,90.7491303292614,94.8800878745347,92.5633199248044,92.505716152213,88.9908071929683,84.9054730320121,84.8747533927184,85.8572890128187,87.1938785810906,89.4336777322655,92.05198191225,92.7008933113567
112,0,89.265067552461,89.2881117539878,93.2365914466535,92.8953278714453,91.4209877713527,89.5322097968184,87.5988111047872,86.788540071465,85.914591203022,85.6300285283841,87.510005442961,90.5339650425763,90.0809335591944,91.325483758957,92.9553264604811,91.4473049850545,88.494895509969,86.3855152848172,85.725705880472,85.5467883512375,86.976581392389
113,2,90.5885527171047,90.8558852098216,90.6507509609599,88.4833778806952,87.1681960195823,84.4485396636801,84.0320375545957,86.7655771699418,89.0700851364867,89.0960445128678,92.7441293077158,89.1910148238213,89.0368098159509,88.5662431941924,85.5828814872192,84.4051680336793,87.6690640418272,84.9231217663776,88.2110600538742,92.507268244213,91.7841127482383
114,0,78.8076111320168,79.3761546582212,80.4621101152793,81.9124856968654,84.5211151905313,88.4392533493401,86.8492367969962,85.6596373144808,86.4204351570498,85.9846357178259,84.8758729972416,80.0716792966572,77.439350478876,79.2852205732873,83.9396789255721,88.0123258843571,93.1705311902285,93.7852164113694,88.3184879068772,83.0543505787973,78.916897056432
115,0,84.259656894876,83.271935699933,90.6111583374346,95.9780020410478,86.8783878005443,80.3365621776761,76.2336457060075,73.7885687679571,72.9272725220395,74.3233530244154,77.6028123430612,82.9002933854908,89.8736148814027,92.3356605920011,87.3024247867086,81.076359537898,76.6814919295212,73.769053749231,73.1079252833707,74.9860787544747,78.7825830392301
116,0,91.6359538241296,90.0788671804983,89.6343840916589,90.4202999125004,88.9971052948981,84.8519124869772,83.0850467565415,87.1187250044768,90.1660746273188,90.4223568779958,87.8955298844802,87.0783722903198,85.0426473605534,83.5626911314985,86.4652514231499,87.2717976480496,89.2134627596843,89.709490775802,88.0609652836579,84.0898983010644,86.0176412936949
117,2,83.4476465220335,84.7349886594246,89.9910385958407,79.4459948934149,70.3398647477024,65.5885532229618,67.1235586705856,72.53665140125,77.1751645950813,80.318097497187,77.0866448729868,67.8634304020318,69.1598569226743,75.5765356745543,77.9682210497423,78.6426311705366,73.09566629924,67.2870234189388,64.1656175688908,68.9918070095585,75.2473248536241
118,0,88.8359506022259,89.653977906932,85.2647125653261,87.4980883927206,86.4433872502379,83.7728117767576,83.1404335532517,86.2710127879179,86.3790970933828,88.5719791867412,89.5763333719538,87.7857280990137,84.5688294113225,82.644382544104,85.1447627709565,88.9588564805872,85.4829683244413,81.3321100917431,82.9991120319668,87.4981183200361,86.9709575239476
119,1,78.0900005287928,77.5589932653938,79.575184422714,76.3390943404117,74.7354620252511,76.8305602293264,81.8639930435512,86.8704297964122,86.8182826479629,84.9151094500801,81.9746338130418,76.4650014246367,75.7360448837381,77.7366840524735,78.4698037883292,80.5597329323052,87.5006694730979,88.6165132088461,86.8783372079446,82.4242613790371,78.5227922449192
120,0,67.7988466425569,69.0806828928376,76.39662027833,86.2075848303393,93.760581615377,87.6616567633694,77.8917863756945,69.0701710885197,63.7789432020582,62.2298963986186,63.7082126552452,67.705893832943,74.8284754999757,86.3027197477335,95.1359441257171,87.0788206979543,76.8464564968375,69.4278694278694,63.7913146583667,61.9971581165172,62.775351770985
121,0,96.1931553932189,95.6109624079722,91.0021269033528,87.7777777777778,85.3419492584096,84.1602264685067,85.4823532079408,86.9274916962288,89.4643542668744,92.0956058513487,94.5557296645981,95.6029603831084,91.7571284651868,87.8250329918044,85.2873510983362,84.4470445238352,85.3659922709707,87.3583027614254,89.9347517730497,91.9396233226351,95.1632220967129
122,0,88.0840939736542,88.612360138032,89.8661907834951,91.1945117562776,93.2936794119398,91.1688734181333,87.6663726102551,85.1201311695521,85.466930487528,88.5067879241222,90.9602837442596,92.3844945205752,88.8563702670674,86.9437221577388,88.0278813421949,88.8076179062482,90.9648233264411,89.3061701816636,87.7946261250561,86.461600662541,85.1938865079775
123,0,94.9734165884802,95.7000444748175,96.0694658644134,94.7590282908174,93.7088815789474,92.7067166752888,92.2911213795629,92.1455199897159,92.4623436983658,94.3161557794342,95.9014183249744,96.8234211807998,96.2373827917033,94.469302189528,93.0306538698753,92.635424322338,93.2607112183773,93.3244542619543,94.3139691975142,93.7915861772913,95.3503651207376
124,0,88.8911307532923,88.8920678616167,84.6792130025663,81.0985836749907,78.2606685112254,78.9544122510826,81.6961273258925,83.7556188076463,88.4706719575492,91.0810517839445,91.8208659895809,89.3039874672985,83.8822251496452,81.3174694397415,78.6787342885581,78.3685611158693,78.8423442642936,85.0322650783913,86.2542746409302,91.3194656255719,91.2662579895857
125,1,81.46466966829,82.0235683581205,78.3201992921183,76.5054513575918,77.3925600454198,81.1787578401204,85.1699519334066,89.2199161515131,91.6282352368552,86.6059131532166,83.2345773547983,80.8824960467097,77.2334136194438,76.2486140124111,78.3473523049173,80.0499470536747,83.7366745204045,91.2137391432719,93.8070778015527,87.6767024084561,84.2240848021694
126,1,89.8384177225701,88.7689907202102,90.2472662791843,90.5539702843648,88.0864279106647,86.3628751339764,84.4741431350191,82.8413711036922,84.0939563986691,87.3300165837479,91.3952633864449,93.1255301808021,89.9079574384751,88.0689610135179,86.2676687806707,83.8903086298408,83.4235576525122,84.6784426338988,86.4171355114443,87.9338760425511,89.2649903288201
127,0,90.5088743942817,89.5754471384546,95.0548827183254,92.1542007834486,87.0348531563917,83.9234885574405,81.8554856664158,79.9589903132292,79.6891002707746,82.0384658706916,86.5473326729871,90.7058338896859,92.3645216216597,91.9669775436026,87.7085934839369,82.6470752556009,79.2110874200426,79.3323714401782,80.8137232718633,83.4607771939567,86.5834921899451
128,1,81.2061115826839,79.9513511459086,73.5535931790499,68.7358352859832,66.796875,67.9349980182323,68.3854104787929,68.0882126940218,74.3828705664882,86.2257642440823,90.2021468306824,84.5027881040892,77.1246594789548,70.8474049920422,67.6231468197035,66.0953830136548,67.2194338486248,71.484,77.1865515746325,81.7825507564474,83.1215127092375
129,2,86.1568894594807,85.5680041688379,81.1480798731517,79.0696192854595,78.4994513879255,81.5892628347436,85.4919342369737,89.2370625284073,87.6683356903515,82.0201241278093,78.5415744701775,77.9567486950037,80.9075830284,86.4539107767354,92.4453541158257,87.2447332050272,80.9890514190021,78.884307846077,80.0775955332828,81.2955030782871,83.1891349366671
130,1,82.7440633245383,82.8170919931497,83.9029348240376,84.6376811594203,80.6348943909395,78.5730390046937,80.426044195964,81.7465192465192,84.5572354211663,81.2801604378616,79.4827162516383,77.721959811064,74.461951190214,79.095113613513,84.1490108619337,84.6743617827955,88.1953753351207,81.0565808152505,78.6513157894737,77.9529870620059,80.3480430507686
131,1,86.8017188459178,85.298720057778,82.9048281343135,84.7797540885759,88.7154813407189,89.7929726162982,85.8117436855356,82.7335236639994,83.2902600549184,86.1837556432261,89.7357224676812,89.930983485334,86.5305305305305,85.2986581166132,84.1511208653394,82.7015525258097,83.3639779358862,83.2464093717404,84.6284124359853,88.1613324624428,88.7537993920973
132,1,90.1655588126006,89.4093686354379,90.1067240189912,88.409957757454,86.2823802035918,86.0224793116226,87.3110792545566,86.4008805185276,88.2092851879145,90.7201586580176,86.7334977161567,88.2222042401683,87.6827558582015,84.2789503250141,82.8757486835229,85.1127214170693,88.3908708906649,89.4340559324839,90.2088934850052,88.4631317315659,87.5672098602035
133,1,87.5220792329044,88.4198083336851,85.4871362294391,86.0583818442588,89.6504197468989,91.6595961310029,89.9404284084668,85.1901379022148,83.3525298231181,86.1988447830896,87.2174236475596,89.1903102704496,87.490548601193,87.5868496864938,90.6745441407744,90.6444642176179,87.0146915618781,85.5154857870174,86.1022498321021,91.2918540729635,92.5824522977128
134,2,73.9158595107016,74.632055394023,77.397504456328,81.7355936228958,85.969920828796,90.2113860196974,84.1672113613405,76.6601305276713,72.5778822982899,71.243665846243,70.9193191092457,74.084069109149,78.7871581450654,83.3373084491086,88.3393789259489,85.5767828496427,80.1040809126191,76.2528507104848,72.4457299792561,73.679870416728,74.6538935103156
135,2,86.401606055012,85.1182482416407,74.1483187879325,70.8619407880352,71.7102405975853,75.3181407942238,78.9948779199302,84.8397501887311,81.9884165464826,82.8968244843524,79.7508350636454,75.8582776107346,76.8847551360863,80.1236383692605,75.3411722385845,73.6301673010534,73.1663959970153,75.0998581250682,77.7188328912467,80.0747417014729,84.0316027088036
136,0,69.4590263579599,70.8071011286938,74.8726078586797,80.788675429727,91.256705855496,90.5430345059001,83.4984228874993,76.6189238511309,72.2581715613075,69.2630416781673,68.685848897863,71.0375126732004,76.7354382765303,82.385434868384,85.845690712454,84.9146530702727,83.2102908277405,79.6438665912945,75.7542857142857,71.9312275089964,69.3570219966159
137,2,85.4104541981911,84.6825859056494,87.2183391172589,92.0956198814589,94.4172575651653,92.8650192972783,88.8911024229898,85.7086351388099,84.0304651105469,84.2111764415238,85.8472488365727,89.190869305749,86.8628875968992,86.6833867894953,86.1176245394076,87.2742200328407,87.6005493427506,87.0929573298494,86.479579177212,86.1274852632631,84.7877649849286
138,0,73.7991611933212,72.8222996515679,67.8293366552476,65.6286492798755,63.9808942134524,65.8073813145465,70.9348441926346,77.3915147604452,81.5206929740135,86.562123039807,85.9574814694144,77.7474512322389,66.6513866605547,61.9955923702409,62.5441153905171,64.5534041224235,70.1594352343936,79.2567403449114,88.7409102050821,89.8018600889608,83.5492642354447
139,0,90.2125556104795,88.3083812617992,87.2628488805153,87.1583018370396,88.1130986728217,89.7208803005904,92.7797670307755,91.920104839803,89.3101913662661,90.3441810633454,91.6681598279878,92.9961442503969,90.9255160576359,88.1623146862543,87.5890313390313,88.4408482639043,90.1409076765791,89.7013342758682,90.2164733075521,91.1306521448021,92.8331822302811
140,2,93.8997190278944,95.291658078384,91.7911102019346,91.7637441242592,92.682713602984,90.4927452952162,90.4592524597688,92.5880817746847,93.2556911523117,94.4908180300501,94.1521316423368,93.2885906040269,92.2069226514512,92.0191235994603,91.2433661865049,92.0007027201124,91.7329925056643,92.2497528063747,94.0928640393224,93.4834607082434,93.6304808334059
141,0,69.1101201590405,70.1181251814305,65.9113474394899,65.0573030968057,68.1211740700047,72.7059292564619,78.3242298448766,82.7374495595956,88.3029410490752,82.6120925387387,74.8104280937917,69.4760920248097,66.5203244785167,64.9151298080132,67.1939153261089,72.3322369157101,79.3998341588042,86.9677159360587,93.1300968256464,84.3368682610818,74.6137348448374
142,0,65.1404654702264,64.5596770123644,66.5633499905117,71.7619047619048,79.219997465467,89.4713389986951,93.1310563939635,84.1781101718883,74.2254880592833,68.0396455367895,64.37125748503,65.2213415207243,67.0687076345352,72.0238095238095,79.8282442748092,88.9124450210423,89.9663659510263,83.7439969867227,74.5982520439808,69.1372376523816,67.593596530391
143,2,44.5989594891141,45.1980222743845,47.8211212913378,56.2550130663148,66.2609278696134,75.9676635370565,88.5950286022112,83.3209614252438,68.7148831362085,55.6488452213857,48.3725066700546,45.7476305706796,45.4361763165116,52.6798466511313,63.3409107941345,77.8030341727537,88.2707774798928,77.5070979517339,70.3257497414685,55.5311521761082,46.7990346097385
144,0,88.6675824175824,88.4932711760049,90.3217386765039,83.7851192997318,72.4361357480482,65.3954000141975,60.7103825136612,60.8514307838513,63.4633881883843,69.4888262779343,78.8594711807499,88.6531430178597,91.9612505504183,83.6706889840405,72.2524367848566,65.1444943581762,60.8340248230081,61.0505136079636,64.2300800170325,69.9419422941591,79.0088539104771
145,2,84.550907071455,85.9757561209794,87.4718634337941,90.1949302719778,93.0878761347403,90.3758550817374,88.1961987248887,85.9929184420573,85.4745189226252,86.338708235224,90.2401565911315,91.4555015683621,88.5049130763417,87.4453259328527,87.6314517103832,85.9607106044989,88.8802959997574,90.1400055023997,91.4530310756726,89.6846662730672,86.8050954646751
146,1,89.0238424326192,89.27995840915,94.2058833625099,90.0169967740817,82.395467658406,76.1134450119407,71.3353912694676,69.3610884259179,70.6321501399786,74.619683328159,81.2667415536162,88.8827519547094,94.1307974067514,89.7643771345776,82.3393659662334,75.8585349754208,70.636277302944,68.8,70.6650728479116,75.2490714062554,82.2144314792528
147,0,88.1770871509199,89.4073279846194,87.7241885200807,85.1606360244848,85.9011048723058,87.4712064497553,89.9545192030032,91.9053045619969,92.2954225090882,88.1066452108401,86.2416969430071,87.4554080394248,87.8307270436523,86.8526925774185,87.6888824001752,91.6201931838892,90.9908276837182,88.8447666581661,88.2256775412337,88.588534107402,87.2124071838765
148,2,85.1937745927766,86.1915565639041,87.8467298830202,90.6790462586529,92.2208795716329,87.7940821123388,85.207809052914,82.7229193455416,81.5321991903192,80.7669204137133,79.081897110276,82.3256768728797,87.4920856712442,93.5952756956338,90.4256847082739,89.3571586634211,85.1052233493504,82.9628887998932,81.6667778444845,81.0992478362794,82.4281536533345
149,0,72.0298357501086,72.4268145109381,77.2256231057842,82.172590389679,88.0748080426307,92.9909308531176,90.2953442555841,82.0404472352042,74.9466402328426,69.6611067652477,69.1560689736704,72.3458094418553,76.9002547923186,82.7655723219724,89.0590491191426,92.6983582665352,89.9956267846577,82.1636955063146,75.6429703611542,70.3849055324343,69.3666033383091
150,1,64.544400051553,65.57167050241,73.7086977124887,73.2758992031014,73.5980148883375,73.6220130968385,66.0590410749064,61.463599314077,58.8726796440992,59.6947647812557,62.1830827911151,66.4931080672342,71.4216184188251,83.7357769477982,88.4000180228891,70.2323991797676,65.6845678475063,62.2917275650395,60.6285884209804,58.486493702995,59.0932800139094
151,1,85.8845161062197,86.6167112696997,92.206531702904,93.2255691705987,88.3152497913438,83.5143632985565,81.5582054563504,79.825856316459,77.7941820757038,78.2084923664122,81.3163570253041,85.3667811434208,91.0161871040548,94.408100062419,89.6386446046764,82.3447957535195,78.8235155207632,77.95476021734,77.8790202266959,78.7681911141409,80.1192182638185
152,0,89.283810929365,89.6068493150685,88.7099855361188,86.7189072416708,86.6699400180477,88.6970934228079,93.0713222135705,93.3402308865171,90.0771878866118,86.9351669941061,86.500977900773,86.418943338643,87.5710342588083,89.3199213972599,91.1611950906159,93.1574405128837,90.3212079615649,89.5916457995102,90.4080427407947,90.4579789043893,89.5810853263765
153,0,82.7642352065501,81.6948607891294,77.8240559633661,74.7557603686636,74.2329578446174,75.6106691623772,77.8724799213244,83.4147028448033,90.8413006381636,93.4663062727188,88.6876769378349,83.3996535742709,78.8481189038551,75.3056348156912,73.4247897421757,73.9962330025726,76.9762777508818,83.1060834823814,92.3456963566545,94.8302847665102,87.9385760818986
154,1,80.4181170441902,80.2815324484977,87.9710575671549,94.4223554359351,90.4625723886466,82.0858645157997,75.4198238787631,70.1725029663209,68.3335182402243,70.1403292222706,74.4617926308168,81.0214812701259,87.7145401959509,89.1549295774648,87.0177756307243,79.9568025997701,74.4742392286833,71.2273088442027,69.4144336609087,70.31875749629,74.6553628405465
155,2,77.4876283178602,76.4265838609509,78.473668250278,84.9345114996553,88.3490729509617,88.2694516526992,84.8277764808251,81.7897024976558,82.4910635929707,84.3223711096294,84.7081930415264,89.384018953263,86.3700490619275,79.6207358548902,79.1307938474244,79.971247603967,81.6512236672622,83.9320216899009,87.3642020883873,88.8124147782612,82.5773862948507
156,1,70.7317073170732,73.0488031174615,64.2873159428956,58.6711541370443,56.6178972439605,56.9626944570307,60.3085182804643,67.5247823301044,76.8801079703082,85.706835537344,84.0197450821484,72.7092729072709,61.8266807873498,56.0739532354541,54.6337736055016,56.2816281628163,61.6465182841864,67.6642418303117,75.5277736188052,87.1090400745573,86.2734103398004
157,2,79.8778040404941,81.6563485044334,85.3388470838135,83.9803549503293,83.6981014211454,84.962784839116,78.6468018371233,79.6259441856258,81.6936177922725,86.3547224882565,82.7085659594832,78.7660598969466,82.7950740898018,90.1462819991873,89.9743107481995,80.7777177339458,80.4475530869277,79.792887314348,82.9113924050633,81.8811881188119,79.7461282320603
158,1,75.9630672875925,75.7554411776477,75.1478717746225,77.2810472470542,74.7529553195752,75.489587807633,81.4850322364164,87.6712219291936,84.0226894834403,79.5905726900232,76.2960966483813,76.0391158912309,77.5478497116409,75.3874180228322,74.3952975986892,74.6826206355433,80.4873641955427,92.6872582489316,88.7047313084112,82.4209176634801,78.2121008865148
159,2,94.212019790454,93.0708406131234,93.6890346070591,93.8069548735146,92.8231551346346,91.6729045332554,91.5551034495286,92.4231398944879,93.3829701813935,95.220944475931,97.1513788831276,96.4774986774659,93.5714285714286,91.2200694406966,90.7721161735931,91.5371079222829,91.967375409851,92.7588941453143,94.6419551261446,95.1281347245103,94.805846044438
160,0,91.0777243310039,91.2100127340139,93.3911136416356,90.1805074483963,88.375294076337,90.8001600460483,89.3227185325568,86.6561029482378,85.0686770628937,84.7320462677873,86.9940929679184,92.819881683286,92.9872379986477,89.4219580243106,88.2914649752406,89.3437441387119,91.4771251009445,87.6475836739776,86.8229671699681,85.9556833086819,87.6856084737575
161,2,81.2944808256158,80.8656444939733,75.6706541104607,74.7632301209942,77.1482735096558,80.2901450725363,79.9872633815722,83.3705878962167,83.5387284495176,80.2510288593444,80.6360909367732,84.0085538835809,82.428155128095,79.6577642731489,75.3531091952517,74.8273473958097,77.4292990215789,81.999808935452,87.1711948979131,90.1765938341814,86.0994025343051
162,2,82.8795859902042,83.5335708822267,84.9291357634074,88.8780087476336,88.0853730394037,90.7291405662741,90.3549033550973,87.4555892142563,84.0460041285757,81.0374326709818,80.031117986015,84.7852342187025,85.960432760854,85.4263264569509,88.7195460090946,91.0771704180064,89.7201704676768,87.5082672727781,83.5392948352152,83.2826350657833,82.9482152953499
163,2,84.2203496526666,84.6547115170417,90.466245169955,89.6486966691406,82.7772564173337,76.2051310133341,70.6682828903345,68.5564133311966,71.4843903727983,77.3952617243486,80.8908926352951,84.5643550053893,82.9975187753384,82.0600276609931,80.3352199710169,75.2642948945828,71.4435770991354,73.2532293001576,72.2800679983,70.6832101833083,75.6934243027672
164,2,87.8870350903216,87.2306127540348,86.7535087941931,88.7292682613003,89.1104654192943,87.8798317852988,84.9127463169219,83.9934934480837,82.8547308351766,82.9374523214949,84.1940056047789,88.9909087967906,89.1451126371863,87.2340288386544,86.7591243736894,88.1453292166296,87.5530327602984,82.0531071055281,79.9025266127998,83.7342489673056,85.9253982644735
165,2,78.1543425380941,77.5298251756997,75.6844777413163,78.5064004225033,82.8459096490168,85.97635018864,83.5642369912152,80.2911137617415,76.1762555225788,76.4933717152,82.1893852183158,91.0652168311474,89.8458399011073,82.5271382939462,77.3800238361173,74.3653791728704,75.8091464134209,81.4973262032086,91.0345366768954,89.9224453444454,83.7087446883287
166,2,89.3486446566394,88.1540264386012,83.8987414776823,79.8578149936784,76.1772737695691,74.4150707743547,75.5127563781891,78.3265145064485,84.0281672586776,90.7136501893273,92.2739044856521,89.5216778579126,83.7737636711911,77.9229556206353,75.2695029624753,74.6269277133475,75.8903193445912,78.6025291139768,83.9458333333333,90.9734071330476,92.3016300966444
167,2,76.2020629967843,76.4326310019522,81.5165510444646,87.847418343299,93.4726366186573,87.2050896880799,81.8400948622748,75.2660961616474,70.9037198497146,71.4302249315174,74.6120276326347,79.8299218827252,83.9757513526322,87.0411207679336,87.9887434867348,84.9575873680469,80.7576633325823,78.3451611624311,74.0169048295315,71.3958566845747,72.3200935475214
168,2,84.3079260009386,84.7628914586332,78.0454185828018,71.4615035697198,65.7171823278653,61.8470588937216,59.0515129598955,60.6201775250914,67.9447816676078,75.6872744996642,84.3442439493567,90.033887861984,85.7137578974593,74.4812853532314,62.2361132346196,58.20154436061,58.5145668474556,61.6065675488628,68.9685241090651,77.8333607190891,83.1874771938722
169,0,90.8082440761631,90.1508653647963,88.9120097107452,88.7071158427435,89.2423251886356,88.3020777118187,88.6662416535248,90.0930993775488,91.5472356414385,92.8634485918957,95.1324494333279,94.7436220751515,91.2849803974584,88.0824589722895,86.2586450906566,86.5563019833653,89.0787817095711,91.9551234509635,94.440417561425,95.1229622381234,93.3565299641916
170,2,79.4151632622633,80.6801202882379,86.9197830431059,90.1056121593682,87.1390448145762,82.5748491947832,78.3297403692942,73.5777064864557,71.8942897593204,73.2320181234661,75.8909459611701,79.4557618582275,85.3342905182023,90.9623904232256,92.7613991847569,86.927374301676,78.2642074712106,71.618584087236,70.5824449314661,71.8417528457704,75.1124326333395
171,1,84.2162711763035,85.743365386076,91.4607819621012,80.4915758749241,72.6717159283449,69.4540110444748,69.0047842501872,67.9205709715872,68.0639431616341,69.8738818008506,72.1915714389694,75.6395687645688,80.5395215618652,80.6773524087076,76.1357530893678,70.9214296486201,69.5374898437859,67.8177421792353,67.5394532118249,69.5783088503983,74.269651495562
172,2,86.2583058079607,85.4174765944158,87.1353753572283,79.9336846837846,77.3656230048106,77.4810477736727,74.8621615334804,80.1917560113736,84.7691114941277,84.8397232020663,81.4353597635548,85.159409266654,86.0476854451504,84.2739278110109,76.5282201554338,74.4908408965809,79.7534950512264,81.2076275263134,84.6221060016583,82.9679659384662,80.7577700784186
173,2,96.952348799074,97.1034355840105,92.1461475052126,86.8843975644318,83.8465751831045,80.213008529,78.9068481090185,80.3134439643636,83.8462608996108,86.8461934329564,92.3872429669985,98.6598092768292,92.3176502530885,87.1499655664083,83.2443112206602,80.0133109554951,79.4816008336067,81.6759511100122,84.8669507506896,87.040224481826,91.8923085075123
174,2,88.1727052954129,87.5458659491194,87.6781779236589,85.3170850745813,80.2719246792703,79.8242067592052,81.4752851711027,85.4339842969746,87.5872710328918,88.5662569968362,86.2282087104416,90.2792315744104,86.2747475972471,82.8398882765909,81.9384722159357,80.8717864451847,81.892325384336,85.4306164858,86.0445749931866,87.730283507099,89.8936494392979
175,2,88.8680835127797,88.4573309803193,83.8694350496082,80.7524491644027,80.4314097090614,79.0458572173007,82.1899838750655,84.8651141341941,88.6037863942849,89.9795162525087,88.3845376059734,90.1734495568674,86.1681753963686,82.0137046399398,80.1949030160099,77.3982827492485,80.7834404055746,84.9263574637429,89.2354093627552,91.7866466569745,89.9009040606825
176,0,92.5432769726248,91.6708964062142,89.5209701058042,87.1903195630526,85.6259706730672,84.473944838487,85.2010454362686,87.1373162151598,90.987202189311,95.0302358395485,96.7846435541963,91.9859584737818,88.3404280712922,85.4566712244615,84.54861801551,84.3617625659068,84.4188127672268,87.6777441689863,91.4300990658354,93.1774561157983,94.4764096662831
177,2,84.4066043176589,83.8152641232359,81.3449863624366,80.0680000231687,80.5394444957944,86.1696924875349,84.369012911287,80.8851383247178,79.4991488993393,80.7593008245432,84.3592938855783,90.132745483299,89.3611878244369,85.4164557037425,83.1877332677108,77.9568831410063,79.0612814991561,83.7887924694808,88.5744059026447,90.6189799653246,89.3163502459932
178,2,92.9833278946276,92.2226472275757,89.8896633124911,90.0074665870231,84.8991522946507,82.9966160993376,82.0343973286417,89.7587894043089,86.4973469795529,87.8701577769928,88.1581947498878,87.8555048408385,85.2699780840455,86.3255033557047,85.8679814555891,90.2583164376361,86.5747950518614,85.6669174195339,83.6434545281597,85.9748151402006,86.2901631059713
179,2,78.0423645025017,78.6454241057938,81.8639875037227,83.9852600803996,85.4625114483032,83.7491538535925,77.0894453962964,73.3343763399738,75.568865757567,82.7684853941103,88.1913430249117,93.7549588416146,85.6679388151368,78.7940971788512,75.7526127888207,77.0418203457337,79.2901555945616,85.6978445452486,87.3673560191873,82.7079131569581,80.4849836331439
180,2,72.2835236510212,73.064919154894,79.3645821467897,77.7828975864198,73.3468954055453,71.2942034269048,74.3894872341017,81.3339970134395,83.2957911183107,73.7176191232974,65.7412528112672,66.2498974036278,71.1992948564923,78.4398098017984,85.1211510567254,80.2940495038035,75.9256982341981,74.6862547946226,71.562197315622,72.233288553296,71.7419464641976
181,2,84.5000136347523,83.0669209897107,83.533934252386,83.0565564781451,84.7968306096385,87.2939615129396,87.5197472353871,81.9712391191639,80.908918560247,79.7807950269917,79.4588715159755,82.1727777173322,84.2658196921573,91.8130575165545,91.8160079529273,84.7602557272243,83.0442647371781,80.1615009460864,80.6168113441527,79.5923326133909,80.0232602169151
182,2,77.4549018267182,77.881898987115,74.2521799044881,66.4285462098834,57.9546098969025,58.1384836190627,61.4587701898555,68.9517006101819,79.7153768470905,90.5538468874425,83.5380747978277,74.4891510427639,65.3908560512779,62.0217502202847,62.8653116887778,63.7713920515066,64.1598561249346,67.4662868841515,68.907443010162,71.3150440331985,75.9769000078041
183,2,95.0971223021583,95.3782050953521,88.8722243266209,85.031847133758,82.6338728176373,81.8452792502113,82.6489143079706,86.0796242819119,86.7659613861488,87.5477334318798,91.9610268941124,95.0745111728259,89.003649878594,86.2420826789032,83.0470596074693,81.5328298988865,82.5977494972445,86.3335185299504,86.8545325473009,87.1026929229637,91.9874762750104
184,2,95.9302966802691,96.0882926254015,87.6389851086159,80.0194282919407,81.0314199685869,86.3562593664321,88.6862296870791,84.0952959070231,80.4478591349046,81.6936889938359,87.2711289369944,95.3731631065019,87.5716540666279,81.5138090953139,81.2621117324622,86.4650498495501,88.7828311185976,84.6595356117923,80.4384854807265,80.9371635709516,86.8021794941826
185,1,83.5866043066707,84.2282230105295,89.6021098121051,92.6739533037899,91.5980770333243,87.5775440531314,85.9702047814694,84.9786781236749,84.3123539417834,84.3553359181339,87.4165941398318,93.0673637510617,90.3674239651203,84.8216429017236,83.1558336119204,85.4381816426986,90.8503228138194,90.0100397508836,85.8960771970645,87.3435048509494,85.2289252896524
186,2,98.0230845960196,98.143700853191,91.5488343383505,85.7864166128848,83.1042676551659,79.9780896238719,78.3769482620959,79.8718271041559,83.3742829850633,85.8908914618149,91.7435303426809,98.556283934007,92.0548822449916,86.4004549429649,83.5075432578848,80.2900222617351,78.9171986642184,80.6398773385903,82.8412193010262,85.7793966298157,91.289276264001
187,2,98.624215529993,98.1843495234815,91.7744369519953,86.3137745360116,83.4950481798715,80.1966024050391,79.0838259641489,80.296844595368,83.7572908754783,86.6089264243046,92.1816770930132,98.7664619559225,91.9629257077166,86.830933835323,83.7776348503902,80.6466328608198,79.4598637433658,80.7960356068324,83.4803998684267,86.1158724717175,92.0455360087172
188,2,76.3553030483875,75.3849190682985,77.1816257936014,78.1040861129891,77.7368753192896,76.2944446122708,77.5620938238064,78.7716562992189,75.0320444769476,71.5971812133381,70.1794997392829,73.2925699169155,75.4395294752633,84.6196645735633,90.9382409573368,82.7835976776879,76.8129066082025,76.0741029579112,75.8927232104087,72.7729997802819,71.529306684008
189,2,86.3838680961412,86.8760378472958,83.0527751246363,78.6436818279327,77.3345461561785,81.827811748617,80.3071823567057,83.0032646531036,85.8415233415233,84.2984993916453,84.747169687669,88.708051750632,85.720239616791,82.4166685397047,79.2806058056374,76.6820436939681,78.8297047224741,84.2316472952036,89.3346135275085,89.7441195523488,87.6733691684916
190,2,89.2461001164144,90.0361228175798,90.0855879685611,91.634416985994,93.0311006375963,94.6106586655236,94.1266535429327,93.0028963228884,91.0627052879381,90.5287386191727,90.8215984332743,91.913172212845,91.6003494710452,90.9372872380664,90.7318446237568,90.6717846702717,93.2561480605088,94.785727161466,93.6309920810123,92.6445642340169,91.1789207656667
191,2,98.8799606970603,98.7680420922902,91.073645258582,84.7028761811542,82.5747228214282,80.3568564933166,78.325130126611,79.6627059090222,82.9630541172461,85.1959340779002,90.9793521500284,98.3949868223962,91.5770328475299,85.4584302739661,83.2659146156184,80.7886423360434,78.6366005021555,79.9004091351469,82.1911437242209,84.7927439179452,90.6154245650481
192,2,77.2395984168356,76.8178743932438,72.6298074659888,68.9200861443494,69.1422799422799,76.208908968932,86.8787325403484,82.7697548167335,78.1475001876519,75.5852534030386,74.2485005085994,75.7459922363469,73.9662964565604,74.7141522852556,76.5445696248485,74.1378686448344,75.1021401933538,79.1917706689619,83.3380803189974,84.3658925809771,82.744010429478
193,2,92.2940451251416,93.0857887453409,90.8065537238218,86.6966460558366,82.7648114901257,76.1149722348339,72.041184847343,73.2676229005762,78.873350910431,82.9386633354154,88.9340204102253,96.3045664856166,89.3167924490731,84.0264603588649,80.5281766646256,75.2672408223712,73.5796036940554,75.9600114944267,78.8385321375336,82.0544777464112,86.5717762897596
194,0,79.7196341231855,80.4535965329528,81.9711715327247,81.820979001853,80.4192983895223,77.112432029001,73.3564692273004,73.9395480447,76.553002515196,81.1581403319141,88.2367826961369,93.8651470697845,88.5371679659428,79.2920424881328,73.8569445266905,72.9023284969898,73.7470543058008,77.2795186696415,83.6853024827908,85.6179729784448,81.640340540469
195,2,98.9854501835896,99.1977358629041,89.2425133738993,83.120631258703,81.0549412212935,79.0537995903258,76.0350559081294,79.0348318934683,80.9429507896124,82.8110691916047,89.091634855381,98.931203085187,89.092961261935,83.0325290971282,80.9460940042817,78.6823304995369,76.1504702769383,79.2013646868924,81.1996744213852,82.9607272927427,89.0775652493005
196,2,92.4203711379149,92.3392242344693,86.3501296737681,84.6261719476242,86.7055613360797,87.4650679658747,87.2996242210912,83.2545702940191,81.0881008265607,84.2905585531788,91.0351171991322,95.1799229849954,86.1771560539681,83.4524086326069,85.7785299296703,87.5777897981798,85.752697996669,81.744320228914,81.4006888633754,84.969459795341,87.6001253198266
197,2,82.6759731706209,83.297598791384,82.5201134012719,83.1767282215354,87.3529457837931,92.4829175025075,90.9627765512343,84.9068824676908,81.2812608610242,81.7866684831558,85.5387804562048,88.9337547270906,89.0747442958301,83.7063266140542,80.0259315377251,80.2270337194299,83.1409397981551,86.6539035877015,88.872188734478,85.487911088503,83.2688116321958
198,0,92.6767045170327,90.9931058340952,91.3963573287077,86.4641225145116,81.7972925720565,79.1530211744706,76.8405136086461,76.0251347390905,77.8838246654539,82.685777067519,87.5308303644834,92.3442949676134,91.9014965714,87.5585619441313,82.3727797346924,79.2170623662336,77.3168316831683,75.1373087485288,76.7290659731593,82.6415094339623,88.6201318900087
199,2,87.5055064802578,86.8020216706477,84.7884244742974,79.8474353750736,78.9223061881174,82.0840605419015,88.2004824629909,90.2808814934507,89.0586315873541,88.3038559911196,86.8275060543778,86.390372950608,83.0134704311112,82.1024429592072,82.2287714765236,81.8820840739629,86.8383056449509,90.8720020255029,90.0224150813265,89.3628914218539,87.7509506362617
