,Labels,Texture score 0,Texture score 1,Texture score 2,Texture score 3,Texture score 4,Texture score 5,Texture score 6,Texture score 7,Texture score 8,Texture score 9,Texture score 10,Texture score 11,Texture score 12,Texture score 13,Texture score 14,Texture score 15,Texture score 16,Texture score 17,Texture score 18,Texture score 19,Texture score 20
0,0,0.9285714285714286,0.8333333333333334,0.8620689655172413,0.8928571428571429,0.8846153846153846,0.7407407407407407,0.8461538461538461,0.8846153846153846,0.8076923076923077,0.92,0.88,0.8846153846153846,0.9259259259259259,0.8,0.8571428571428571,0.88,0.9285714285714286,0.92,0.875,0.8076923076923077,0.9285714285714286
1,0,0.8928571428571429,0.6666666666666666,0.44,0.56,0.34615384615384615,0.17857142857142858,0.25925925925925924,0.10344827586206896,0.1724137931034483,0.1,0.1724137931034483,0.041666666666666664,0.21875,0.25806451612903225,0.3225806451612903,0.41935483870967744,0.3225806451612903,0.45161290322580644,0.7666666666666667,0.8,0.9
2,0,0.6739130434782609,0.6666666666666666,0.625,0.9183673469387755,0.84,0.75,0.7021276595744681,0.6122448979591837,0.8409090909090909,0.6190476190476191,0.782608695652174,0.8148148148148148,0.7307692307692307,0.6956521739130435,0.6530612244897959,0.7142857142857143,0.8372093023255814,0.8043478260869565,0.5909090909090909,0.6428571428571429,0.6739130434782609
3,0,0.5714285714285714,0.569620253164557,0.6436781609195402,0.654320987654321,0.726027397260274,0.675,0.7564102564102564,0.8048780487804879,0.7631578947368421,0.7894736842105263,0.6463414634146342,0.6867469879518072,0.6625,0.735632183908046,0.7209302325581395,0.6,0.5555555555555556,0.6590909090909091,0.6823529411764706,0.611764705882353,0.5584415584415584
4,0,0.7619047619047619,0.6111111111111112,0.5263157894736842,0.4444444444444444,0.8,0.9473684210526315,0.9411764705882353,0.8,0.4117647058823529,0.75,0.5,0.3125,0.3684210526315789,0.4375,0.7058823529411765,0.6875,0.625,0.6,0.42105263157894735,0.6875,0.7058823529411765
5,0,0.9807692307692307,0.7450980392156863,0.6808510638297872,0.5918367346938775,0.5652173913043478,0.5476190476190477,0.7291666666666666,0.8181818181818182,0.8085106382978723,0.8723404255319149,0.7857142857142857,0.6222222222222222,0.5531914893617021,0.6326530612244898,0.5625,0.7391304347826086,0.7407407407407407,0.7916666666666666,0.875,0.8627450980392157,0.9019607843137255
6,2,0.8648648648648649,0.8717948717948718,0.75,0.625,0.5555555555555556,0.4117647058823529,0.5,0.5714285714285714,0.6388888888888888,0.6875,0.8378378378378378,0.78125,0.6571428571428571,0.6206896551724138,0.7142857142857143,0.6,0.6285714285714286,0.6410256410256411,0.8461538461538461,0.9210526315789473,0.8055555555555556
7,0,0.9285714285714286,0.88,0.92,0.9615384615384616,0.9130434782608695,1.0,1.0,0.9090909090909091,0.8695652173913043,0.8695652173913043,0.875,0.8888888888888888,1.0,0.9545454545454546,1.0,1.0,0.9130434782608695,1.0,0.9565217391304348,0.9047619047619048,0.8846153846153846
8,0,0.8181818181818182,0.8513513513513513,0.782608695652174,0.8513513513513513,0.9210526315789473,0.8734177215189873,0.8513513513513513,0.868421052631579,0.9041095890410958,0.9090909090909091,0.875,0.8888888888888888,0.8888888888888888,0.8701298701298701,0.8860759493670886,0.8571428571428571,0.8309859154929577,0.84,0.7887323943661971,0.8055555555555556,0.7922077922077922
9,0,0.6778523489932886,0.7133333333333334,0.8686131386861314,0.9586206896551724,0.8958333333333334,0.8471337579617835,0.7972972972972973,0.7284768211920529,0.6666666666666666,0.6644736842105263,0.7086092715231788,0.782051282051282,0.8675496688741722,0.896774193548387,0.9290322580645162,0.8366013071895425,0.7894736842105263,0.7058823529411765,0.6733333333333333,0.6894409937888198,0.6666666666666666
10,0,0.8571428571428571,0.4,0.75,0.5714285714285714,0.7368421052631579,0.6666666666666666,0.7894736842105263,0.8095238095238095,0.65,0.6363636363636364,0.5454545454545454,0.5238095238095238,0.5416666666666666,0.45,0.5238095238095238,0.8823529411764706,0.6842105263157895,0.5,0.75,0.8,0.5652173913043478
11,0,0.8867924528301887,0.9166666666666666,0.8771929824561403,0.9137931034482759,0.8979591836734694,0.9152542372881356,0.9107142857142857,0.8148148148148148,0.8793103448275862,0.7916666666666666,0.9642857142857143,0.9019607843137255,0.8909090909090909,0.8928571428571429,0.8771929824561403,0.8,0.8135593220338984,0.8909090909090909,0.9056603773584906,0.9629629629629629,0.86
12,0,0.8,1.0,1.0,0.75,1.0,1.0,0.8,0.6666666666666666,1.0,0.6666666666666666,1.0,0.75,1.0,0.8,1.0,0.4,0.8,0.8,0.75,1.0,1.0
13,0,0.3551912568306011,0.28205128205128205,0.3125,0.375609756097561,0.3383084577114428,0.34782608695652173,0.42,0.5,0.6119402985074627,0.582010582010582,0.6180904522613065,0.45595854922279794,0.5130890052356021,0.46798029556650245,0.3826530612244898,0.37055837563451777,0.32620320855614976,0.45161290322580644,0.46078431372549017,0.478494623655914,0.5572139303482587
14,0,0.9090909090909091,0.8095238095238095,0.7272727272727273,0.65,0.7,0.6190476190476191,0.8333333333333334,0.8260869565217391,0.8260869565217391,0.7142857142857143,0.8181818181818182,0.6842105263157895,0.75,0.782608695652174,0.8421052631578947,0.7368421052631579,0.7142857142857143,0.6190476190476191,0.6521739130434783,0.7272727272727273,0.7083333333333334
15,0,0.4108527131782946,0.706766917293233,0.712,0.7222222222222222,0.784,0.8267716535433071,0.8211382113821138,0.6717557251908397,0.784,0.7794117647058824,0.7851851851851852,0.8294573643410853,0.828125,0.8461538461538461,0.5954198473282443,0.556390977443609,0.5367647058823529,0.5267175572519084,0.5112781954887218,0.5522388059701493,0.3492063492063492
16,0,0.7142857142857143,0.43478260869565216,0.5111111111111111,0.37209302325581395,0.375,0.5,0.45454545454545453,0.5319148936170213,0.6190476190476191,0.6956521739130435,0.8636363636363636,0.75,0.8095238095238095,0.8367346938775511,0.7916666666666666,0.6444444444444445,0.6521739130434783,0.6530612244897959,0.5909090909090909,0.46511627906976744,0.75
17,0,0.6923076923076923,0.5,0.38636363636363635,0.36363636363636365,0.46808510638297873,0.5,0.49019607843137253,0.5102040816326531,0.6521739130434783,0.851063829787234,0.7307692307692307,0.5714285714285714,0.4772727272727273,0.40816326530612246,0.375,0.4791666666666667,0.5,0.7857142857142857,0.9069767441860465,0.8636363636363636,0.7435897435897436
18,0,0.5714285714285714,0.2857142857142857,0.25,0.375,0.0,0.23076923076923078,0.08333333333333333,0.15384615384615385,0.3076923076923077,0.3333333333333333,0.23076923076923078,0.3076923076923077,0.23076923076923078,0.16666666666666666,0.0,0.07692307692307693,0.0,0.25,0.14285714285714285,0.6,0.8333333333333334
19,0,0.6666666666666666,0.5945945945945946,0.5294117647058824,0.6176470588235294,0.65625,0.5588235294117647,0.6666666666666666,0.6,0.6428571428571429,0.8709677419354839,0.8571428571428571,0.5,0.3783783783783784,0.5294117647058824,0.5172413793103449,0.6666666666666666,0.7096774193548387,0.8611111111111112,0.7837837837837838,0.7142857142857143,0.6756756756756757
20,0,0.5222929936305732,0.575,0.5272727272727272,0.5595238095238095,0.6025641025641025,0.643312101910828,0.6708074534161491,0.7245508982035929,0.7096774193548387,0.6305732484076433,0.689873417721519,0.5796178343949044,0.6111111111111112,0.5796178343949044,0.536144578313253,0.6071428571428571,0.6134969325153374,0.5976331360946746,0.5964912280701754,0.5773809523809523,0.5886075949367089
21,0,0.4,0.45454545454545453,0.5,0.5714285714285714,0.625,0.625,0.625,0.5555555555555556,0.45454545454545453,0.5,0.46153846153846156,0.3333333333333333,0.75,0.6363636363636364,0.9,0.9,0.9090909090909091,0.8461538461538461,0.7272727272727273,0.45454545454545453,0.5714285714285714
22,1,0.2682926829268293,0.3333333333333333,0.34210526315789475,0.4186046511627907,0.45454545454545453,0.23076923076923078,0.4222222222222222,0.5476190476190477,0.6428571428571429,0.7441860465116279,0.9024390243902439,0.6923076923076923,0.5581395348837209,0.4864864864864865,0.4166666666666667,0.5238095238095238,0.4523809523809524,0.4,0.15151515151515152,0.43243243243243246,0.3
23,0,0.4880952380952381,0.5798816568047337,0.5575757575757576,0.5393939393939394,0.4620253164556962,0.40268456375838924,0.40789473684210525,0.4567901234567901,0.525,0.6158536585365854,0.6975308641975309,0.6951219512195121,0.7290322580645161,0.6900584795321637,0.5644171779141104,0.5031847133757962,0.5365853658536586,0.49019607843137253,0.49696969696969695,0.50625,0.4695121951219512
24,0,0.7244094488188977,0.6496350364963503,0.7121212121212122,0.7209302325581395,0.781021897810219,0.7777777777777778,0.8059701492537313,0.6774193548387096,0.6370370370370371,0.6136363636363636,0.6564885496183206,0.5714285714285714,0.5522388059701493,0.6165413533834586,0.6814814814814815,0.5785123966942148,0.5867768595041323,0.5735294117647058,0.60431654676259,0.546875,0.6976744186046512
25,0,0.8306451612903226,0.6311475409836066,0.5983606557377049,0.5641025641025641,0.5726495726495726,0.6,0.5916666666666667,0.6260869565217392,0.488,0.5135135135135135,0.7049180327868853,0.4672131147540984,0.5254237288135594,0.5083333333333333,0.6065573770491803,0.5130434782608696,0.6126126126126126,0.5818181818181818,0.5517241379310345,0.6386554621848739,0.8387096774193549
26,0,0.35714285714285715,0.0,0.07692307692307693,0.08333333333333333,0.08333333333333333,0.08333333333333333,0.4166666666666667,0.6,0.4166666666666667,0.5555555555555556,0.6153846153846154,0.4166666666666667,0.3,0.2857142857142857,0.3076923076923077,0.3333333333333333,0.45454545454545453,0.75,0.0,0.0,0.3
27,0,0.6697247706422018,0.44761904761904764,0.2621359223300971,0.3333333333333333,0.35353535353535354,0.3942307692307692,0.43617021276595747,0.4479166666666667,0.5,0.46464646464646464,0.6632653061224489,0.4519230769230769,0.3645833333333333,0.36538461538461536,0.36538461538461536,0.41836734693877553,0.4807692307692308,0.47115384615384615,0.46464646464646464,0.49074074074074076,0.6822429906542056
28,0,0.3430232558139535,0.41566265060240964,0.5549132947976878,0.6832298136645962,0.64375,0.5389221556886228,0.4409937888198758,0.42105263157894735,0.3333333333333333,0.3657142857142857,0.39204545454545453,0.4222222222222222,0.5222222222222223,0.702247191011236,0.6882352941176471,0.5523255813953488,0.42105263157894735,0.39655172413793105,0.36046511627906974,0.28125,0.32
29,0,0.4878048780487805,0.3902439024390244,0.6410256410256411,0.6136363636363636,0.6585365853658537,0.6511627906976745,0.6818181818181818,0.6590909090909091,0.6097560975609756,0.42105263157894735,0.6666666666666666,0.6363636363636364,0.6190476190476191,0.5789473684210527,0.3611111111111111,0.4772727272727273,0.40476190476190477,0.375,0.4186046511627907,0.41025641025641024,0.43902439024390244
30,0,0.6111111111111112,0.8285714285714286,0.7627118644067796,0.7638888888888888,0.7285714285714285,0.7878787878787878,0.5694444444444444,0.6029411764705882,0.7222222222222222,0.5692307692307692,0.5362318840579711,0.6666666666666666,0.7313432835820896,0.7428571428571429,0.7121212121212122,0.704225352112676,0.7534246575342466,0.746268656716418,0.5857142857142857,0.5230769230769231,0.6388888888888888
31,0,0.8,0.6578947368421053,0.65,0.5609756097560976,0.5909090909090909,0.5897435897435898,0.5609756097560976,0.4594594594594595,0.631578947368421,0.5833333333333334,0.627906976744186,0.75,0.6944444444444444,0.7209302325581395,0.725,0.5609756097560976,0.6428571428571429,0.6046511627906976,0.6829268292682927,0.6842105263157895,0.8648648648648649
32,0,0.59375,0.5393258426966292,0.5365853658536586,0.5543478260869565,0.5148514851485149,0.5212765957446809,0.5425531914893617,0.5858585858585859,0.5638297872340425,0.7083333333333334,0.7263157894736842,0.7741935483870968,0.6881720430107527,0.651685393258427,0.5268817204301075,0.5777777777777777,0.6153846153846154,0.43956043956043955,0.4772727272727273,0.34831460674157305,0.5894736842105263
33,0,0.5714285714285714,0.75,0.5333333333333333,0.6153846153846154,0.6451612903225806,0.75,0.6551724137931034,0.75,0.7586206896551724,0.8148148148148148,0.7857142857142857,0.8125,0.65625,0.7096774193548387,0.78125,0.78125,0.6451612903225806,0.6363636363636364,0.5862068965517241,0.5714285714285714,0.5357142857142857
34,0,0.5476190476190477,0.34146341463414637,0.35714285714285715,0.38636363636363635,0.4523809523809524,0.4090909090909091,0.6086956521739131,0.675,0.7073170731707317,0.6976744186046512,0.8913043478260869,0.6956521739130435,0.6341463414634146,0.6521739130434783,0.6444444444444445,0.5111111111111111,0.574468085106383,0.5208333333333334,0.5416666666666666,0.47619047619047616,0.46511627906976744
35,0,0.7083333333333334,0.52,0.18518518518518517,0.34615384615384615,0.52,0.56,0.24,0.2,0.4583333333333333,0.56,0.6296296296296297,0.6153846153846154,0.44,0.625,0.4166666666666667,0.4666666666666667,0.375,0.20833333333333334,0.56,0.6129032258064516,0.76
36,0,0.7098765432098766,0.6226415094339622,0.6392405063291139,0.6385542168674698,0.6410256410256411,0.7080745341614907,0.66875,0.6163522012578616,0.68125,0.6981132075471698,0.8535031847133758,0.6491228070175439,0.6770186335403726,0.6493506493506493,0.6050955414012739,0.6666666666666666,0.6540880503144654,0.6706586826347305,0.6666666666666666,0.6415094339622641,0.74375
37,0,0.9090909090909091,0.7142857142857143,0.7419354838709677,0.9230769230769231,0.8666666666666667,0.90625,0.92,0.9032258064516129,0.9285714285714286,0.8214285714285714,0.8888888888888888,0.7857142857142857,0.75,0.7931034482758621,0.7142857142857143,0.8181818181818182,0.8484848484848485,0.8709677419354839,0.9032258064516129,0.8064516129032258,0.875
38,0,0.9375,0.875,0.8461538461538461,0.9444444444444444,0.9473684210526315,0.8333333333333334,1.0,0.8333333333333334,0.8421052631578947,0.8125,0.8333333333333334,0.7368421052631579,0.8235294117647058,0.6875,0.7333333333333333,0.6666666666666666,0.7142857142857143,0.7647058823529411,0.75,0.5882352941176471,0.7058823529411765
39,0,0.8529411764705882,0.7746478873239436,0.7972972972972973,0.8,0.8266666666666667,0.9027777777777778,0.8888888888888888,0.8918918918918919,0.8823529411764706,0.875,0.9242424242424242,0.8873239436619719,0.9142857142857143,0.8787878787878788,0.803030303030303,0.8636363636363636,0.9076923076923077,0.8787878787878788,0.7941176470588235,0.8405797101449275,0.7714285714285715
40,0,0.8,0.6086956521739131,0.43478260869565216,0.5652173913043478,0.6,0.5909090909090909,0.5,0.45,0.6,0.6666666666666666,0.43478260869565216,0.7272727272727273,0.6666666666666666,0.5714285714285714,0.5714285714285714,0.5263157894736842,0.6190476190476191,0.48,0.4444444444444444,0.7,0.7
41,0,0.5769230769230769,0.7096774193548387,0.7931034482758621,0.7,0.5384615384615384,0.42857142857142855,0.4838709677419355,0.3793103448275862,0.3548387096774194,0.41935483870967744,0.7647058823529411,0.9,0.71875,0.8181818181818182,0.6,0.5517241379310345,0.35714285714285715,0.4230769230769231,0.5862068965517241,0.5333333333333333,0.72
42,1,0.6571428571428571,0.8157894736842105,0.7894736842105263,0.8387096774193549,0.6470588235294118,0.7222222222222222,0.7941176470588235,0.8285714285714286,0.7631578947368421,0.717948717948718,0.6571428571428571,0.696969696969697,0.7142857142857143,0.7837837837837838,0.8181818181818182,0.6944444444444444,0.8,0.8181818181818182,0.8378378378378378,0.825,0.5428571428571428
43,0,0.38461538461538464,0.6071428571428571,0.5416666666666666,0.6,0.6153846153846154,0.8461538461538461,0.75,0.6153846153846154,0.5,0.4074074074074074,0.3333333333333333,0.46153846153846156,0.5909090909090909,0.6818181818181818,0.7,0.7368421052631579,0.5,0.65,0.5185185185185185,0.5555555555555556,0.4642857142857143
44,0,0.5526315789473685,0.5882352941176471,0.4444444444444444,0.5555555555555556,0.7352941176470589,0.7575757575757576,0.7,0.6764705882352942,0.65,0.6842105263157895,0.6666666666666666,0.5428571428571428,0.725,0.6097560975609756,0.5405405405405406,0.4358974358974359,0.5142857142857142,0.4117647058823529,0.6486486486486487,0.631578947368421,0.575
45,0,0.5454545454545454,0.6,0.45454545454545453,0.5384615384615384,0.5,0.7272727272727273,0.6153846153846154,0.5833333333333334,0.5,0.5,0.8181818181818182,0.5,0.6,0.8461538461538461,0.9230769230769231,0.9,0.6153846153846154,0.7272727272727273,0.6153846153846154,0.6666666666666666,0.5
46,0,0.43783783783783786,0.4098360655737705,0.44559585492227977,0.43243243243243246,0.4708994708994709,0.5271739130434783,0.5164835164835165,0.5136612021857924,0.5026178010471204,0.467005076142132,0.5,0.5698924731182796,0.585635359116022,0.6132596685082873,0.6956521739130435,0.7663043478260869,0.6777777777777778,0.6473988439306358,0.5465116279069767,0.4540229885057471,0.39037433155080214
47,0,0.7215189873417721,0.6071428571428571,0.5930232558139535,0.5802469135802469,0.5185185185185185,0.5783132530120482,0.654320987654321,0.8024691358024691,0.8354430379746836,0.7682926829268293,0.7037037037037037,0.6024096385542169,0.5584415584415584,0.5131578947368421,0.5066666666666667,0.5822784810126582,0.6351351351351351,0.810126582278481,0.8554216867469879,0.7848101265822784,0.7051282051282052
48,0,0.6145833333333334,0.5578947368421052,0.6,0.4954128440366973,0.35185185185185186,0.27450980392156865,0.42342342342342343,0.47115384615384615,0.5727272727272728,0.6846846846846847,0.7981651376146789,0.6019417475728155,0.5892857142857143,0.46601941747572817,0.5321100917431193,0.4537037037037037,0.3917525773195876,0.4351851851851852,0.4019607843137255,0.4639175257731959,0.7037037037037037
49,0,0.8333333333333334,0.7272727272727273,0.8518518518518519,0.8461538461538461,0.9583333333333334,0.9047619047619048,0.8333333333333334,0.782608695652174,0.8695652173913043,0.9523809523809523,0.9166666666666666,0.75,0.8076923076923077,0.7142857142857143,0.5833333333333334,0.6666666666666666,0.7407407407407407,0.8260869565217391,0.92,0.8636363636363636,0.8181818181818182
50,0,0.36363636363636365,0.30666666666666664,0.41333333333333333,0.42857142857142855,0.7088607594936709,0.6172839506172839,0.4383561643835616,0.4177215189873418,0.42105263157894735,0.32432432432432434,0.3013698630136986,0.24324324324324326,0.30434782608695654,0.47297297297297297,0.4925373134328358,0.4861111111111111,0.2702702702702703,0.2875,0.1780821917808219,0.1875,0.35064935064935066
51,0,0.6363636363636364,0.5227272727272727,0.5227272727272727,0.6444444444444445,0.7333333333333333,0.6808510638297872,0.6086956521739131,0.7142857142857143,0.6382978723404256,0.5853658536585366,0.625,0.5777777777777777,0.6458333333333334,0.5531914893617021,0.5581395348837209,0.4772727272727273,0.5454545454545454,0.5777777777777777,0.5306122448979592,0.5869565217391305,0.6086956521739131
52,0,0.8260869565217391,0.8181818181818182,0.8333333333333334,0.5769230769230769,0.4,0.45454545454545453,0.5,0.52,0.5384615384615384,0.5517241379310345,0.7692307692307693,0.8461538461538461,0.8888888888888888,0.5714285714285714,0.7083333333333334,0.5555555555555556,0.4090909090909091,0.56,0.5416666666666666,0.6086956521739131,0.6956521739130435
53,0,1.0,1.0,1.0,0.8,0.8,0.8,0.6,0.6,0.8,0.6,0.6,1.0,0.6,0.8888888888888888,0.8888888888888888,1.0,0.8888888888888888,1.0,0.7777777777777778,0.8,1.0
54,0,0.84,0.8571428571428571,0.9565217391304348,0.8333333333333334,0.8636363636363636,0.8636363636363636,0.9047619047619048,0.8695652173913043,0.9047619047619048,0.9047619047619048,0.9523809523809523,0.9130434782608695,0.7727272727272727,0.8095238095238095,0.8421052631578947,0.92,0.9583333333333334,0.96,0.76,0.8695652173913043,0.9166666666666666
55,0,0.7333333333333333,0.7068965517241379,0.5932203389830508,0.4603174603174603,0.3269230769230769,0.42105263157894735,0.43333333333333335,0.5283018867924528,0.5862068965517241,0.639344262295082,0.6721311475409836,0.43636363636363634,0.4406779661016949,0.4642857142857143,0.49056603773584906,0.6,0.6721311475409836,0.7,0.7096774193548387,0.8064516129032258,0.7678571428571429
56,0,0.821917808219178,0.8648648648648649,0.8873239436619719,0.7702702702702703,0.76,0.6410256410256411,0.547945205479452,0.4868421052631579,0.45714285714285713,0.5866666666666667,0.8461538461538461,0.7,0.8266666666666667,0.88,0.8333333333333334,0.7922077922077922,0.8108108108108109,0.7777777777777778,0.7638888888888888,0.7837837837837838,0.8157894736842105
57,0,0.5625,0.6060606060606061,0.6774193548387096,0.5483870967741935,0.43333333333333335,0.4230769230769231,0.4444444444444444,0.48,0.7096774193548387,0.7,0.8666666666666667,0.875,0.7777777777777778,0.7083333333333334,0.7777777777777778,0.8125,0.71875,0.7941176470588235,0.7058823529411765,0.6551724137931034,0.5
58,0,0.5428571428571428,0.6216216216216216,0.34375,0.3333333333333333,0.4666666666666667,0.5,0.375,0.4838709677419355,0.5151515151515151,0.5142857142857142,0.5483870967741935,0.4166666666666667,0.4722222222222222,0.3125,0.4358974358974359,0.46153846153846156,0.5588235294117647,0.5882352941176471,0.5454545454545454,0.6060606060606061,0.7058823529411765
59,0,0.45161290322580644,0.417910447761194,0.46774193548387094,0.6964285714285714,0.6415094339622641,0.48214285714285715,0.631578947368421,0.5806451612903226,0.5789473684210527,0.7377049180327869,0.65,0.5901639344262295,0.4909090909090909,0.5081967213114754,0.5689655172413793,0.7017543859649122,0.5483870967741935,0.4576271186440678,0.5625,0.5084745762711864,0.546875
60,0,0.6754966887417219,0.477124183006536,0.4797297297297297,0.4840764331210191,0.5408805031446541,0.6012658227848101,0.5897435897435898,0.5625,0.4634146341463415,0.4342105263157895,0.60625,0.4012345679012346,0.425,0.4774193548387097,0.4394904458598726,0.34838709677419355,0.3855421686746988,0.4551282051282051,0.5506329113924051,0.6580645161290323,0.7210884353741497
61,0,0.8292682926829268,0.717948717948718,0.6590909090909091,0.6585365853658537,0.8055555555555556,0.725,0.6585365853658537,0.6521739130434783,0.5777777777777777,0.575,0.6956521739130435,0.7674418604651163,0.7045454545454546,0.8333333333333334,0.6086956521739131,0.6595744680851063,0.5952380952380952,0.6086956521739131,0.5869565217391305,0.6511627906976745,0.7619047619047619
62,0,0.5,0.8181818181818182,0.9047619047619048,0.8947368421052632,0.7619047619047619,0.625,0.55,0.6086956521739131,0.7272727272727273,0.75,0.9,0.875,0.8695652173913043,0.8,0.7619047619047619,0.75,0.4444444444444444,0.5882352941176471,0.55,0.7142857142857143,0.5909090909090909
63,0,0.6071428571428571,0.375,0.30303030303030304,0.15151515151515152,0.36363636363636365,0.17857142857142858,0.3333333333333333,0.3448275862068966,0.4074074074074074,0.4642857142857143,0.5,0.3103448275862069,0.25806451612903225,0.30303030303030304,0.45454545454545453,0.42424242424242425,0.42424242424242425,0.48484848484848486,0.625,0.7741935483870968,0.7241379310344828
64,0,0.7619047619047619,0.7383720930232558,0.7251461988304093,0.8,0.7192982456140351,0.7235294117647059,0.7,0.6067415730337079,0.7191011235955056,0.7272727272727273,0.7732558139534884,0.815028901734104,0.845679012345679,0.8323699421965318,0.7987804878048781,0.7183908045977011,0.7439024390243902,0.6820809248554913,0.6390532544378699,0.6514285714285715,0.7529411764705882
65,0,0.5483870967741935,0.5223880597014925,0.5606060606060606,0.6935483870967742,0.6764705882352942,0.6307692307692307,0.484375,0.4827586206896552,0.4482758620689655,0.4107142857142857,0.78125,0.4666666666666667,0.6065573770491803,0.46153846153846156,0.53125,0.35,0.390625,0.27586206896551724,0.4107142857142857,0.3968253968253968,0.546875
66,0,0.5897435897435898,0.5952380952380952,0.5681818181818182,0.6944444444444444,0.7567567567567568,0.8409090909090909,0.925,0.8,0.6744186046511628,0.6363636363636364,0.6046511627906976,0.5238095238095238,0.6585365853658537,0.75,0.7619047619047619,0.6976744186046512,0.6888888888888889,0.625,0.5952380952380952,0.6,0.5813953488372093
67,0,0.6181818181818182,0.5,0.5137614678899083,0.509090909090909,0.49074074074074076,0.54,0.584070796460177,0.7168141592920354,0.7102803738317757,0.8141592920353983,0.5309734513274337,0.5333333333333333,0.5225225225225225,0.504950495049505,0.4642857142857143,0.5185185185185185,0.6120689655172413,0.5775862068965517,0.5663716814159292,0.6203703703703703,0.5462962962962963
68,0,0.45454545454545453,0.7083333333333334,0.7083333333333334,0.7407407407407407,0.9230769230769231,0.8636363636363636,0.7619047619047619,0.7272727272727273,0.6521739130434783,0.625,0.6086956521739131,0.7727272727272727,0.6521739130434783,0.64,0.5652173913043478,0.6363636363636364,0.6818181818181818,0.8,0.6842105263157895,0.65,0.6666666666666666
69,0,0.45454545454545453,0.6,0.8125,0.7741935483870968,0.6896551724137931,0.625,0.6764705882352942,0.6129032258064516,0.5666666666666667,0.6060606060606061,0.65625,0.6666666666666666,0.7307692307692307,0.6774193548387096,0.6071428571428571,0.8571428571428571,0.7931034482758621,0.6785714285714286,0.5588235294117647,0.41935483870967744,0.46875
70,0,0.42424242424242425,0.3939393939393939,0.373134328358209,0.3939393939393939,0.5373134328358209,0.7014925373134329,0.8732394366197183,0.8082191780821918,0.75,0.5303030303030303,0.4461538461538462,0.34782608695652173,0.3333333333333333,0.4166666666666667,0.5409836065573771,0.711864406779661,0.890625,0.7419354838709677,0.6417910447761194,0.46551724137931033,0.45454545454545453
71,0,0.7802197802197802,0.6032608695652174,0.6141304347826086,0.6542553191489362,0.6847826086956522,0.6815642458100558,0.708994708994709,0.6779661016949152,0.7197802197802198,0.7039106145251397,0.7430167597765364,0.6944444444444444,0.7540106951871658,0.6789473684210526,0.7348066298342542,0.7512953367875648,0.7539267015706806,0.717948717948718,0.6666666666666666,0.6736842105263158,0.7717391304347826
72,0,0.660377358490566,0.5925925925925926,0.6226415094339622,0.5283018867924528,0.6226415094339622,0.6415094339622641,0.6530612244897959,0.8113207547169812,0.7916666666666666,0.8076923076923077,0.8076923076923077,0.7551020408163265,0.6923076923076923,0.7413793103448276,0.7358490566037735,0.574468085106383,0.6470588235294118,0.5272727272727272,0.5454545454545454,0.6981132075471698,0.7090909090909091
73,0,0.7058823529411765,0.7142857142857143,0.7428571428571429,0.631578947368421,0.6388888888888888,0.6944444444444444,0.8611111111111112,0.9393939393939394,0.8823529411764706,0.6470588235294118,0.8378378378378378,0.7837837837837838,0.7941176470588235,0.868421052631579,0.8666666666666667,0.78125,0.7027027027027027,0.8648648648648649,0.8181818181818182,0.7142857142857143,0.6923076923076923
74,0,0.6724137931034483,0.864406779661017,0.9180327868852459,0.864406779661017,0.8253968253968254,0.5833333333333334,0.6557377049180327,0.6212121212121212,0.55,0.6451612903225806,0.711864406779661,0.7407407407407407,0.7096774193548387,0.578125,0.5689655172413793,0.6774193548387096,0.7241379310344828,0.8,0.6825396825396826,0.640625,0.6666666666666666
75,0,0.822429906542056,0.7352941176470589,0.7475728155339806,0.6728971962616822,0.43617021276595747,0.5684210526315789,0.49038461538461536,0.5196078431372549,0.4842105263157895,0.5212765957446809,0.845360824742268,0.7741935483870968,0.6494845360824743,0.6494845360824743,0.5204081632653061,0.6095238095238096,0.5789473684210527,0.5980392156862745,0.6363636363636364,0.7474747474747475,0.8679245283018868
76,0,0.49557522123893805,0.6055045871559633,0.5490196078431373,0.4803921568627451,0.5420560747663551,0.8,0.7247706422018348,0.5904761904761905,0.5225225225225225,0.46534653465346537,0.5346534653465347,0.5094339622641509,0.5142857142857142,0.42857142857142855,0.5523809523809524,0.5257731958762887,0.4536082474226804,0.4423076923076923,0.46534653465346537,0.6190476190476191,0.6228070175438597
77,0,0.8888888888888888,0.6481481481481481,0.6428571428571429,0.6181818181818182,0.6,0.7090909090909091,0.803921568627451,0.8214285714285714,0.6964285714285714,0.6981132075471698,0.8947368421052632,0.6363636363636364,0.7115384615384616,0.6363636363636364,0.6037735849056604,0.6078431372549019,0.6666666666666666,0.8,0.74,0.7450980392156863,0.9122807017543859
78,0,0.6666666666666666,0.7162162162162162,0.6830985915492958,0.7432432432432432,0.7414965986394558,0.7133333333333334,0.7354838709677419,0.8133333333333334,0.8095238095238095,0.7894736842105263,0.8823529411764706,0.7323943661971831,0.7272727272727273,0.7152317880794702,0.7435897435897436,0.740506329113924,0.6928104575163399,0.7857142857142857,0.7748344370860927,0.7315436241610739,0.6710526315789473
79,0,0.6538461538461539,0.5945945945945946,0.6176470588235294,0.6323529411764706,0.7361111111111112,0.625,0.6164383561643836,0.4868421052631579,0.5569620253164557,0.5915492957746479,0.7972972972972973,0.7428571428571429,0.75,0.7285714285714285,0.6891891891891891,0.75,0.8333333333333334,0.8382352941176471,0.7027027027027027,0.647887323943662,0.6794871794871795
80,1,0.6206896551724138,0.575,0.6219512195121951,0.6585365853658537,0.6973684210526315,0.7195121951219512,0.7073170731707317,0.7325581395348837,0.7176470588235294,0.7710843373493976,0.8148148148148148,0.6705882352941176,0.6966292134831461,0.6153846153846154,0.6309523809523809,0.6097560975609756,0.5666666666666667,0.7191011235955056,0.6707317073170732,0.6511627906976745,0.6136363636363636
81,1,0.7678571428571429,0.6727272727272727,0.6326530612244898,0.7450980392156863,0.6785714285714286,0.7169811320754716,0.5932203389830508,0.75,0.6071428571428571,0.5283018867924528,0.6,0.37037037037037035,0.41818181818181815,0.5357142857142857,0.5964912280701754,0.6415094339622641,0.6440677966101694,0.7272727272727273,0.7115384615384616,0.7241379310344828,0.7090909090909091
82,1,0.8727272727272727,0.7222222222222222,0.6551724137931034,0.4909090909090909,0.4166666666666667,0.35,0.35714285714285715,0.3333333333333333,0.3090909090909091,0.25862068965517243,0.6949152542372882,0.4528301886792453,0.5409836065573771,0.4107142857142857,0.49056603773584906,0.55,0.5263157894736842,0.7,0.8135593220338984,0.7931034482758621,0.9047619047619048
83,0,0.8873239436619719,0.7866666666666666,0.7945205479452054,0.8,0.7619047619047619,0.7916666666666666,0.7903225806451613,0.7971014492753623,0.8805970149253731,0.9142857142857143,0.9855072463768116,0.8955223880597015,0.7761194029850746,0.7121212121212122,0.7424242424242424,0.7352941176470589,0.7971014492753623,0.8615384615384616,0.8615384615384616,0.8028169014084507,0.9166666666666666
84,0,0.85,0.7391304347826086,0.6842105263157895,0.8,0.6190476190476191,0.7619047619047619,0.7142857142857143,0.7368421052631579,0.7894736842105263,0.6,0.7619047619047619,0.7391304347826086,0.5454545454545454,0.8095238095238095,0.9047619047619048,0.8636363636363636,0.8181818181818182,0.782608695652174,0.8636363636363636,0.8571428571428571,0.8181818181818182
85,0,0.8181818181818182,0.8823529411764706,0.9487179487179487,0.84375,0.9393939393939394,0.8823529411764706,0.8529411764705882,0.7931034482758621,0.9428571428571428,0.7272727272727273,0.9142857142857143,0.7714285714285715,0.7692307692307693,0.8888888888888888,0.972972972972973,0.9736842105263158,1.0,0.8378378378378378,0.8181818181818182,0.8285714285714286,0.8181818181818182
86,0,0.8059701492537313,0.6290322580645161,0.696969696969697,0.7313432835820896,0.6338028169014085,0.6153846153846154,0.647887323943662,0.59375,0.6515151515151515,0.6029411764705882,0.7868852459016393,0.6515151515151515,0.7333333333333333,0.7540983606557377,0.6296296296296297,0.7424242424242424,0.7538461538461538,0.6229508196721312,0.5692307692307692,0.6610169491525424,0.7727272727272727
87,0,0.5714285714285714,0.5180722891566265,0.480225988700565,0.4069767441860465,0.3878787878787879,0.4,0.36470588235294116,0.3939393939393939,0.5321637426900585,0.672316384180791,0.7764705882352941,0.5029239766081871,0.4012345679012346,0.3391812865497076,0.27011494252873564,0.22413793103448276,0.2774566473988439,0.3063583815028902,0.39751552795031053,0.44692737430167595,0.5689655172413793
88,1,0.3584905660377358,0.4472049689440994,0.45180722891566266,0.4567901234567901,0.43870967741935485,0.4370860927152318,0.564625850340136,0.5947712418300654,0.5900621118012422,0.5620915032679739,0.5714285714285714,0.4304635761589404,0.379746835443038,0.358974358974359,0.3475609756097561,0.3,0.22580645161290322,0.3048780487804878,0.3271604938271605,0.3221476510067114,0.39490445859872614
89,2,0.5434782608695652,0.5227272727272727,0.5913978494623656,0.4659090909090909,0.3522727272727273,0.3804347826086957,0.3333333333333333,0.4090909090909091,0.4782608695652174,0.5172413793103449,0.4946236559139785,0.3291139240506329,0.3614457831325301,0.3375,0.3068181818181818,0.2111111111111111,0.1566265060240964,0.23333333333333334,0.17045454545454544,0.30851063829787234,0.5319148936170213
90,1,0.5641025641025641,0.35135135135135137,0.14285714285714285,0.1111111111111111,0.029411764705882353,0.05405405405405406,0.05555555555555555,0.11428571428571428,0.09090909090909091,0.24324324324324326,0.45161290322580644,0.3939393939393939,0.3888888888888889,0.4375,0.43333333333333335,0.5454545454545454,0.6571428571428571,0.5142857142857142,0.5806451612903226,0.43243243243243246,0.4594594594594595
91,1,0.7777777777777778,0.7058823529411765,0.625,0.6842105263157895,0.7058823529411765,1.0,0.875,1.0,0.9411764705882353,1.0,0.75,0.8235294117647058,0.8235294117647058,0.6666666666666666,0.6666666666666666,0.6842105263157895,0.9375,0.8,0.6666666666666666,0.8235294117647058,0.6842105263157895
92,1,0.6595744680851063,0.673469387755102,0.7111111111111111,0.782608695652174,0.7272727272727273,0.6521739130434783,0.5510204081632653,0.56,0.6595744680851063,0.660377358490566,0.7333333333333333,0.7073170731707317,0.7209302325581395,0.6956521739130435,0.6595744680851063,0.5909090909090909,0.675,0.7619047619047619,0.717391304347826,0.6981132075471698,0.6595744680851063
93,0,0.9824561403508771,0.9206349206349206,0.9142857142857143,0.9,0.8888888888888888,0.8852459016393442,0.9298245614035088,0.8688524590163934,0.8428571428571429,0.8805970149253731,0.9818181818181818,0.8275862068965517,0.8070175438596491,0.7424242424242424,0.7333333333333333,0.7142857142857143,0.7910447761194029,0.8405797101449275,0.8787878787878788,0.8852459016393442,0.9833333333333333
94,1,0.7575757575757576,0.7894736842105263,0.7352941176470589,0.7142857142857143,0.8,0.9142857142857143,0.84375,0.6764705882352942,0.6216216216216216,0.6363636363636364,0.9259259259259259,0.6785714285714286,0.5555555555555556,0.625,0.6470588235294118,0.6857142857142857,0.7142857142857143,0.5675675675675675,0.7222222222222222,0.7272727272727273,0.7837837837837838
95,1,0.7428571428571429,0.38461538461538464,0.5142857142857142,0.6,0.6,0.696969696969697,0.6944444444444444,0.6785714285714286,0.5757575757575758,0.6551724137931034,0.5882352941176471,0.5,0.5142857142857142,0.46875,0.3684210526315789,0.34285714285714286,0.45,0.43902439024390244,0.7714285714285715,0.3142857142857143,0.4411764705882353
96,0,0.852112676056338,0.7251908396946565,0.7272727272727273,0.625,0.5476190476190477,0.5942028985507246,0.5899280575539568,0.6209677419354839,0.6774193548387096,0.8549618320610687,0.8712121212121212,0.7196969696969697,0.6304347826086957,0.5772357723577236,0.5611510791366906,0.5957446808510638,0.5481481481481482,0.6461538461538462,0.7185185185185186,0.8029197080291971,0.8601398601398601
97,2,0.7,0.6538461538461539,0.6883116883116883,0.7746478873239436,0.746268656716418,0.6515151515151515,0.5972222222222222,0.5,0.5072463768115942,0.5797101449275363,0.782608695652174,0.8181818181818182,0.5972222222222222,0.53125,0.5138888888888888,0.5616438356164384,0.6216216216216216,0.6301369863013698,0.6086956521739131,0.6527777777777778,0.7142857142857143
98,2,0.45454545454545453,0.2631578947368421,0.36486486486486486,0.3424657534246575,0.24285714285714285,0.2073170731707317,0.3875,0.3466666666666667,0.2903225806451613,0.328125,0.3968253968253968,0.22972972972972974,0.11594202898550725,0.09876543209876543,0.11392405063291139,0.07865168539325842,0.06521739130434782,0.07865168539325842,0.11956521739130435,0.2222222222222222,0.43037974683544306
99,2,0.8103448275862069,0.7377049180327869,0.75,0.7636363636363637,0.6792452830188679,0.660377358490566,0.5818181818181818,0.6458333333333334,0.7407407407407407,0.7592592592592593,0.74,0.7090909090909091,0.6938775510204082,0.7959183673469388,0.5686274509803921,0.6607142857142857,0.6274509803921569,0.6153846153846154,0.6415094339622641,0.7454545454545455,0.7833333333333333
100,0,0.5217391304347826,0.6666666666666666,0.7154471544715447,0.575,0.47413793103448276,0.4727272727272727,0.5132743362831859,0.42857142857142855,0.5,0.3783783783783784,0.5370370370370371,0.6581196581196581,0.6730769230769231,0.44660194174757284,0.3486238532110092,0.3983050847457627,0.3448275862068966,0.40869565217391307,0.45132743362831856,0.5462962962962963,0.6052631578947368
101,1,0.6153846153846154,0.5,0.6481481481481481,0.2033898305084746,0.19047619047619047,0.08823529411764706,0.3392857142857143,0.07692307692307693,0.09523809523809523,0.109375,0.4696969696969697,0.14925373134328357,0.2028985507246377,0.2714285714285714,0.3230769230769231,0.32432432432432434,0.4098360655737705,0.31746031746031744,0.39655172413793105,0.39344262295081966,0.36
102,1,0.29411764705882354,0.3055555555555556,0.4,0.3235294117647059,0.26666666666666666,0.47058823529411764,0.5277777777777778,0.4594594594594595,0.4666666666666667,0.5588235294117647,0.42857142857142855,0.5277777777777778,0.5714285714285714,0.4375,0.3548387096774194,0.5555555555555556,0.6071428571428571,0.41379310344827586,0.5,0.37142857142857144,0.3235294117647059
103,1,0.37142857142857144,0.3561643835616438,0.25757575757575757,0.22535211267605634,0.2898550724637681,0.3382352941176471,0.49206349206349204,0.4305555555555556,0.2463768115942029,0.29411764705882354,0.273972602739726,0.2112676056338028,0.2,0.323943661971831,0.4492753623188406,0.6338028169014085,0.6,0.6142857142857143,0.5416666666666666,0.38028169014084506,0.42028985507246375
104,0,0.7692307692307693,0.6521739130434783,0.68,0.6153846153846154,0.6363636363636364,0.6,0.52,0.8636363636363636,0.9545454545454546,0.9166666666666666,0.8333333333333334,0.7692307692307693,0.45,0.4782608695652174,0.5,0.6538461538461539,0.8333333333333334,0.92,1.0,0.88,0.8461538461538461
105,0,0.42857142857142855,0.5454545454545454,0.5185185185185185,0.7241379310344828,0.9,1.0,0.8181818181818182,0.75,0.5416666666666666,0.52,0.4827586206896552,0.4230769230769231,0.6296296296296297,0.8571428571428571,0.8214285714285714,0.9655172413793104,0.896551724137931,0.6071428571428571,0.5483870967741935,0.5185185185185185,0.5517241379310345
106,0,0.7631578947368421,0.6810344827586207,0.725,0.6416666666666667,0.6776859504132231,0.7130434782608696,0.7394957983193278,0.7338709677419355,0.5677966101694916,0.6370967741935484,0.6470588235294118,0.5785123966942148,0.6410256410256411,0.6607142857142857,0.6666666666666666,0.631578947368421,0.6052631578947368,0.6271186440677966,0.6694915254237288,0.7894736842105263,0.7563025210084033
107,1,0.3835616438356164,0.2777777777777778,0.2978723404255319,0.2751677852348993,0.3026315789473684,0.23404255319148937,0.27941176470588236,0.2857142857142857,0.2671232876712329,0.2907801418439716,0.5138888888888888,0.3469387755102041,0.2302158273381295,0.36764705882352944,0.36428571428571427,0.2945205479452055,0.4154929577464789,0.38620689655172413,0.29850746268656714,0.27972027972027974,0.3776223776223776
108,2,0.72,0.5789473684210527,0.5487804878048781,0.5064935064935064,0.32894736842105265,0.3783783783783784,0.4125,0.37662337662337664,0.30666666666666664,0.3026315789473684,0.569620253164557,0.38461538461538464,0.32,0.46153846153846156,0.40789473684210525,0.3472222222222222,0.3924050632911392,0.4230769230769231,0.39759036144578314,0.42105263157894735,0.7105263157894737
109,0,0.5373134328358209,0.5223880597014925,0.4852941176470588,0.6666666666666666,0.6142857142857143,0.5416666666666666,0.6857142857142857,0.6666666666666666,0.6290322580645161,0.7246376811594203,0.8285714285714286,0.7142857142857143,0.703125,0.5538461538461539,0.417910447761194,0.45714285714285713,0.4,0.4520547945205479,0.4444444444444444,0.4444444444444444,0.5238095238095238
110,0,0.42528735632183906,0.3872832369942196,0.3488372093023256,0.38181818181818183,0.36627906976744184,0.3855421686746988,0.44242424242424244,0.34523809523809523,0.34705882352941175,0.30409356725146197,0.41317365269461076,0.325,0.3128834355828221,0.3765432098765432,0.36875,0.42424242424242425,0.4268292682926829,0.4107142857142857,0.34355828220858897,0.36585365853658536,0.43575418994413406
111,0,0.828125,0.734375,0.8235294117647058,0.7049180327868853,0.6774193548387096,0.6307692307692307,0.7142857142857143,0.6984126984126984,0.6875,0.7761194029850746,0.859375,0.7049180327868853,0.7936507936507936,0.78125,0.7213114754098361,0.7164179104477612,0.7575757575757576,0.7142857142857143,0.6153846153846154,0.65625,0.8636363636363636
112,0,0.7435897435897436,0.7804878048780488,0.7027027027027027,0.775,0.7714285714285715,0.8,0.9117647058823529,0.8888888888888888,0.7894736842105263,0.6875,0.9210526315789473,0.8571428571428571,0.7435897435897436,0.6666666666666666,0.7027027027027027,0.5882352941176471,0.7352941176470589,0.7058823529411765,0.7692307692307693,0.8055555555555556,0.7894736842105263
113,2,0.28448275862068967,0.23529411764705882,0.1623931623931624,0.24786324786324787,0.25663716814159293,0.23636363636363636,0.2894736842105263,0.3064516129032258,0.4297520661157025,0.55,0.7017543859649122,0.652542372881356,0.5630252100840336,0.44339622641509435,0.46218487394957986,0.425,0.36,0.25210084033613445,0.24,0.17355371900826447,0.27586206896551724
114,0,0.6949152542372882,0.521505376344086,0.6020408163265306,0.6842105263157895,0.7419354838709677,0.7243243243243244,0.7150537634408602,0.6684210526315789,0.572972972972973,0.5439560439560439,0.7219251336898396,0.6184971098265896,0.6020942408376964,0.6402116402116402,0.6949152542372882,0.6775956284153005,0.6569767441860465,0.6263736263736264,0.5418994413407822,0.5549738219895288,0.6914285714285714
115,0,0.7153846153846154,0.4214876033057851,0.23809523809523808,0.29838709677419356,0.2890625,0.23703703703703705,0.2814814814814815,0.34615384615384615,0.34328358208955223,0.3188405797101449,0.5970149253731343,0.3235294117647059,0.26865671641791045,0.2846153846153846,0.2440944881889764,0.1885245901639344,0.18333333333333332,0.27049180327868855,0.4214876033057851,0.4846153846153846,0.7045454545454546
116,0,0.9487179487179487,0.7837837837837838,0.75,0.75,0.7857142857142857,0.7948717948717948,0.7073170731707317,0.7380952380952381,0.8108108108108109,0.9166666666666666,0.8636363636363636,0.7948717948717948,0.85,0.8292682926829268,0.7297297297297297,0.5789473684210527,0.7142857142857143,0.7,0.75,0.7575757575757576,0.9523809523809523
117,2,0.5,0.38461538461538464,0.2702702702702703,0.36585365853658536,0.23255813953488372,0.23076923076923078,0.23529411764705882,0.275,0.34285714285714286,0.6571428571428571,0.6666666666666666,0.41935483870967744,0.3888888888888889,0.45714285714285713,0.43902439024390244,0.38095238095238093,0.47619047619047616,0.5384615384615384,0.3888888888888889,0.34285714285714286,0.5945945945945946
118,0,0.4827586206896552,0.5862068965517241,0.5517241379310345,0.5769230769230769,0.35714285714285715,0.25925925925925924,0.37037037037037035,0.44,0.3548387096774194,0.4838709677419355,0.35714285714285715,0.5384615384615384,0.4642857142857143,0.39285714285714285,0.5357142857142857,0.46153846153846156,0.3333333333333333,0.6206896551724138,0.48148148148148145,0.6086956521739131,0.5666666666666667
119,1,0.3357142857142857,0.3203125,0.3925925925925926,0.3828125,0.3709677419354839,0.3333333333333333,0.35658914728682173,0.39552238805970147,0.40425531914893614,0.4928571428571429,0.518796992481203,0.49640287769784175,0.5704225352112676,0.5681818181818182,0.4859154929577465,0.375,0.3115942028985507,0.4421768707482993,0.38571428571428573,0.3722627737226277,0.40425531914893614
120,0,0.7272727272727273,0.5217391304347826,0.5,0.5909090909090909,0.55,0.7619047619047619,0.8947368421052632,0.9565217391304348,0.75,0.5625,0.6,0.5217391304347826,0.5263157894736842,0.5909090909090909,0.7142857142857143,0.9047619047619048,0.8571428571428571,0.95,0.9047619047619048,0.8095238095238095,0.7142857142857143
121,0,0.5928571428571429,0.5490909090909091,0.525,0.4513888888888889,0.44765342960288806,0.4755244755244755,0.4618181818181818,0.6240875912408759,0.6470588235294118,0.704225352112676,0.6956521739130435,0.5925925925925926,0.584192439862543,0.47735191637630664,0.42955326460481097,0.486013986013986,0.35815602836879434,0.3062730627306273,0.4148148148148148,0.45104895104895104,0.46551724137931033
122,0,0.7448559670781894,0.5306122448979592,0.5425101214574899,0.49159663865546216,0.36065573770491804,0.36099585062240663,0.4256198347107438,0.37446808510638296,0.43478260869565216,0.5147679324894515,0.7066115702479339,0.43568464730290457,0.40772532188841204,0.392,0.3983050847457627,0.42570281124497994,0.40239043824701193,0.3922413793103448,0.5083333333333333,0.5224489795918368,0.7160493827160493
123,0,0.6074074074074074,0.5864661654135338,0.59375,0.6382978723404256,0.6783216783216783,0.6739130434782609,0.7482014388489209,0.8043478260869565,0.782608695652174,0.7445255474452555,0.6074074074074074,0.6015625,0.6521739130434783,0.6827586206896552,0.6830985915492958,0.5874125874125874,0.6402877697841727,0.6153846153846154,0.5658914728682171,0.5693430656934306,0.7941176470588235
124,0,0.7052631578947368,0.49748743718592964,0.4846938775510204,0.42857142857142855,0.4642857142857143,0.4072164948453608,0.3489583333333333,0.36923076923076925,0.38190954773869346,0.4030612244897959,0.5906735751295337,0.5025641025641026,0.4816753926701571,0.39690721649484534,0.47150259067357514,0.37305699481865284,0.43005181347150256,0.485,0.4371584699453552,0.46534653465346537,0.7127659574468085
125,1,0.29338842975206614,0.36015325670498083,0.38524590163934425,0.4268292682926829,0.371900826446281,0.41434262948207173,0.4122448979591837,0.4112903225806452,0.34099616858237547,0.3828125,0.41732283464566927,0.4083969465648855,0.4153846153846154,0.416988416988417,0.36538461538461536,0.33073929961089493,0.3062015503875969,0.27309236947791166,0.23265306122448978,0.236,0.32786885245901637
126,1,0.7386363636363636,0.7831325301204819,0.7764705882352941,0.7948717948717948,0.7073170731707317,0.6493506493506493,0.7375,0.6867469879518072,0.6888888888888889,0.8607594936708861,0.7215189873417721,0.5,0.5444444444444444,0.5795454545454546,0.4827586206896552,0.5128205128205128,0.52,0.5569620253164557,0.5903614457831325,0.5977011494252874,0.7415730337078652
127,0,0.8163265306122449,0.6185567010309279,0.5377358490566038,0.4897959183673469,0.47058823529411764,0.44329896907216493,0.5154639175257731,0.55,0.6153846153846154,0.7204301075268817,0.8241758241758241,0.5922330097087378,0.5306122448979592,0.5,0.5148514851485149,0.5686274509803921,0.7216494845360825,0.7422680412371134,0.693069306930693,0.7029702970297029,0.7731958762886598
128,1,0.65625,0.42857142857142855,0.41935483870967744,0.4827586206896552,0.5714285714285714,0.6428571428571429,0.7333333333333333,0.5925925925925926,0.7391304347826086,0.7083333333333334,0.8695652173913043,0.6923076923076923,0.5517241379310345,0.5925925925925926,0.5517241379310345,0.6206896551724138,0.6451612903225806,0.6153846153846154,0.6875,0.6896551724137931,0.6875
129,2,0.7523809523809524,0.660377358490566,0.5175438596491229,0.423728813559322,0.37815126050420167,0.26666666666666666,0.39285714285714285,0.46601941747572817,0.23893805309734514,0.17543859649122806,0.36134453781512604,0.09090909090909091,0.14782608695652175,0.22727272727272727,0.2761904761904762,0.28703703703703703,0.4166666666666667,0.45217391304347826,0.5555555555555556,0.5454545454545454,0.7961165048543689
130,1,0.5964912280701754,0.5272727272727272,0.5254237288135594,0.6363636363636364,0.6818181818181818,0.6842105263157895,0.6129032258064516,0.5892857142857143,0.5333333333333333,0.47619047619047616,0.65,0.7076923076923077,0.6984126984126984,0.7272727272727273,0.6129032258064516,0.5714285714285714,0.6428571428571429,0.7068965517241379,0.7068965517241379,0.6140350877192983,0.55
131,1,0.7142857142857143,0.5769230769230769,0.5769230769230769,0.5185185185185185,0.5769230769230769,0.6333333333333333,0.6071428571428571,0.46153846153846156,0.5,0.5769230769230769,0.5714285714285714,0.7142857142857143,0.68,0.68,0.625,0.7931034482758621,0.8571428571428571,0.5909090909090909,0.4090909090909091,0.5416666666666666,0.7407407407407407
132,1,0.6818181818181818,0.782608695652174,0.7916666666666666,0.7407407407407407,0.8888888888888888,0.76,0.7037037037037037,0.8076923076923077,0.88,0.8846153846153846,0.7916666666666666,0.6086956521739131,0.6538461538461539,0.7777777777777778,0.8275862068965517,0.6956521739130435,0.8260869565217391,0.7391304347826086,0.7777777777777778,0.8571428571428571,0.782608695652174
133,1,0.6923076923076923,0.6666666666666666,0.43478260869565216,0.4583333333333333,0.4074074074074074,0.5652173913043478,0.5833333333333334,0.8076923076923077,0.7241379310344828,0.6666666666666666,0.7916666666666666,0.5,0.6363636363636364,0.5454545454545454,0.5217391304347826,0.48148148148148145,0.5384615384615384,0.6666666666666666,0.6785714285714286,0.625,0.7407407407407407
134,2,0.2571428571428571,0.19444444444444445,0.3170731707317073,0.30952380952380953,0.38095238095238093,0.325,0.4418604651162791,0.4318181818181818,0.2972972972972973,0.23076923076923078,0.2894736842105263,0.10526315789473684,0.14634146341463414,0.16666666666666666,0.19444444444444445,0.375,0.375,0.3125,0.23529411764705882,0.30303030303030304,0.2702702702702703
135,2,0.3076923076923077,0.39215686274509803,0.4666666666666667,0.423728813559322,0.42105263157894735,0.5,0.4642857142857143,0.5178571428571429,0.46153846153846156,0.4888888888888889,0.5,0.5454545454545454,0.5094339622641509,0.49019607843137253,0.4716981132075472,0.42592592592592593,0.37037037037037035,0.3898305084745763,0.4642857142857143,0.49122807017543857,0.6296296296296297
136,0,0.6470588235294118,0.6666666666666666,0.7368421052631579,0.7,0.631578947368421,0.6111111111111112,0.8125,0.875,0.5333333333333333,0.47058823529411764,0.7333333333333333,0.4375,0.5,0.6666666666666666,0.7333333333333333,0.8235294117647058,1.0,0.9166666666666666,0.8,0.7692307692307693,0.6666666666666666
137,2,0.5098039215686274,0.45652173913043476,0.37735849056603776,0.5098039215686274,0.47058823529411764,0.43137254901960786,0.4642857142857143,0.46938775510204084,0.4067796610169492,0.32,0.5625,0.5185185185185185,0.47058823529411764,0.47058823529411764,0.4716981132075472,0.48148148148148145,0.5686274509803921,0.6808510638297872,0.6666666666666666,0.6730769230769231,0.6078431372549019
138,0,0.875,0.7142857142857143,1.0,0.8333333333333334,0.6666666666666666,0.7777777777777778,0.5,0.4444444444444444,0.5,0.5,0.75,0.75,0.875,0.5714285714285714,0.6,0.625,0.5,0.6666666666666666,0.6363636363636364,0.5454545454545454,1.0
139,0,0.9444444444444444,0.875,0.88,0.8333333333333334,0.8076923076923077,0.8076923076923077,0.7083333333333334,0.8571428571428571,0.9047619047619048,0.95,0.9523809523809523,0.7727272727272727,0.6818181818181818,0.6818181818181818,0.782608695652174,0.8260869565217391,0.875,0.84,0.92,0.7916666666666666,1.0
140,2,0.8913043478260869,0.8409090909090909,0.7368421052631579,0.6829268292682927,0.6136363636363636,0.6136363636363636,0.5909090909090909,0.5681818181818182,0.5,0.5348837209302325,0.5952380952380952,0.4523809523809524,0.4186046511627907,0.45454545454545453,0.5319148936170213,0.5531914893617021,0.4666666666666667,0.4878048780487805,0.625,0.7105263157894737,0.9166666666666666
141,0,0.3018867924528302,0.4576271186440678,0.5769230769230769,0.631578947368421,0.4528301886792453,0.32075471698113206,0.2807017543859649,0.09433962264150944,0.2459016393442623,0.18032786885245902,0.421875,0.41379310344827586,0.49206349206349204,0.6,0.53125,0.4745762711864407,0.3620689655172414,0.32142857142857145,0.3448275862068966,0.2830188679245283,0.34615384615384615
142,0,0.45714285714285713,0.3055555555555556,0.3333333333333333,0.3333333333333333,0.55,0.7368421052631579,0.6578947368421053,0.47368421052631576,0.38461538461538464,0.4444444444444444,0.34285714285714286,0.4594594594594595,0.2564102564102564,0.11764705882352941,0.38461538461538464,0.7777777777777778,0.7,0.40540540540540543,0.24242424242424243,0.2,0.43243243243243246
143,2,0.4583333333333333,0.44680851063829785,0.5365853658536586,0.5641025641025641,0.2558139534883721,0.5121951219512195,0.6326530612244898,0.4090909090909091,0.4,0.3404255319148936,0.25,0.2549019607843137,0.22448979591836735,0.23076923076923078,0.14285714285714285,0.2553191489361702,0.057692307692307696,0.02127659574468085,0.02127659574468085,0.020833333333333332,0.43478260869565216
144,0,0.7681159420289855,0.5416666666666666,0.4782608695652174,0.4935064935064935,0.38666666666666666,0.35526315789473684,0.38461538461538464,0.4533333333333333,0.5733333333333334,0.7368421052631579,0.8354430379746836,0.7037037037037037,0.5903614457831325,0.4675324675324675,0.37662337662337664,0.3194444444444444,0.39473684210526316,0.47368421052631576,0.647887323943662,0.7230769230769231,0.7714285714285715
145,2,0.4827586206896552,0.4666666666666667,0.4673913043478261,0.5632183908045977,0.6292134831460674,0.5116279069767442,0.5,0.48936170212765956,0.42391304347826086,0.5604395604395604,0.6813186813186813,0.5681818181818182,0.4835164835164835,0.4835164835164835,0.5280898876404494,0.5697674418604651,0.6436781609195402,0.7045454545454546,0.5824175824175825,0.4567901234567901,0.4482758620689655
146,1,0.5588235294117647,0.3108108108108108,0.23376623376623376,0.18072289156626506,0.14666666666666667,0.1518987341772152,0.20512820512820512,0.20481927710843373,0.29411764705882354,0.4,0.45,0.3974358974358974,0.3125,0.38666666666666666,0.4936708860759494,0.5,0.5657894736842105,0.5135135135135135,0.5753424657534246,0.6,0.691358024691358
147,0,0.71875,0.5555555555555556,0.5862068965517241,0.8461538461538461,0.7407407407407407,0.6428571428571429,0.5416666666666666,0.5151515151515151,0.5,0.5588235294117647,0.6363636363636364,0.6875,0.8571428571428571,0.8064516129032258,0.7931034482758621,0.7333333333333333,0.5,0.5,0.4444444444444444,0.4838709677419355,0.696969696969697
148,2,0.6048387096774194,0.49612403100775193,0.463768115942029,0.5,0.4921875,0.5639097744360902,0.6058394160583942,0.6106870229007634,0.5826771653543307,0.44274809160305345,0.45384615384615384,0.417910447761194,0.5,0.5109489051094891,0.6439393939393939,0.6015625,0.5955882352941176,0.656,0.7615384615384615,0.7293233082706767,0.6065573770491803
149,0,0.5898876404494382,0.4888888888888889,0.4858757062146893,0.5384615384615384,0.6,0.7261904761904762,0.7853107344632768,0.7303370786516854,0.6797752808988764,0.6079545454545454,0.5837837837837838,0.45251396648044695,0.4486486486486487,0.5168539325842697,0.5777777777777777,0.6902173913043478,0.8225806451612904,0.791907514450867,0.6685082872928176,0.6145251396648045,0.6045197740112994
150,1,0.48333333333333334,0.4067796610169492,0.4666666666666667,0.3148148148148148,0.48214285714285715,0.4406779661016949,0.4583333333333333,0.7358490566037735,0.6428571428571429,0.49019607843137253,0.5,0.33962264150943394,0.2807017543859649,0.27450980392156865,0.4,0.45901639344262296,0.6065573770491803,0.7121212121212122,0.6507936507936508,0.5238095238095238,0.4915254237288136
151,1,0.40304182509505704,0.4061302681992337,0.4521072796934866,0.3643122676579926,0.4098939929328622,0.48148148148148145,0.5724907063197026,0.5791505791505791,0.583969465648855,0.4777777777777778,0.40601503759398494,0.34317343173431736,0.376865671641791,0.3423076923076923,0.38686131386861317,0.390625,0.3643410852713178,0.36254980079681276,0.47232472324723246,0.4015748031496063,0.4053030303030303
152,0,0.75,0.8080808080808081,0.7628865979381443,0.7378640776699029,0.7047619047619048,0.6597938144329897,0.5904761904761905,0.6095238095238096,0.5151515151515151,0.5047619047619047,0.6964285714285714,0.47572815533980584,0.55,0.7592592592592593,0.8317757009345794,0.822429906542056,0.7155963302752294,0.6909090909090909,0.6764705882352942,0.7142857142857143,0.7448979591836735
153,0,0.6037735849056604,0.711864406779661,0.7241379310344828,0.65,0.6181818181818182,0.44642857142857145,0.4444444444444444,0.4807692307692308,0.631578947368421,0.5964912280701754,0.8275862068965517,0.6964285714285714,0.8444444444444444,0.7037037037037037,0.6938775510204082,0.5283018867924528,0.5576923076923077,0.44642857142857145,0.4915254237288136,0.5849056603773585,0.5636363636363636
154,1,0.4859154929577465,0.3541666666666667,0.37333333333333335,0.26618705035971224,0.3150684931506849,0.4105960264900662,0.4266666666666667,0.4625,0.5759493670886076,0.5533333333333333,0.5369127516778524,0.3793103448275862,0.2978723404255319,0.32413793103448274,0.40540540540540543,0.39552238805970147,0.44366197183098594,0.5986394557823129,0.656934306569343,0.5918367346938775,0.5352112676056338
155,2,0.3125,0.37037037037037035,0.4909090909090909,0.4727272727272727,0.4393939393939394,0.40350877192982454,0.603448275862069,0.53125,0.4393939393939394,0.4,0.5,0.3442622950819672,0.5370370370370371,0.3770491803278688,0.19298245614035087,0.1864406779661017,0.2459016393442623,0.22033898305084745,0.2923076923076923,0.1694915254237288,0.2923076923076923
156,1,0.6538461538461539,0.7307692307692307,0.9583333333333334,0.5714285714285714,0.46153846153846156,0.38461538461538464,0.3125,0.30303030303030304,0.20588235294117646,0.2903225806451613,0.45161290322580644,0.45714285714285713,0.5294117647058824,0.5151515151515151,0.5357142857142857,0.5172413793103449,0.35714285714285715,0.45454545454545453,0.35714285714285715,0.5416666666666666,0.5862068965517241
157,2,0.5344827586206896,0.6964285714285714,0.5925925925925926,0.6379310344827587,0.5357142857142857,0.5094339622641509,0.5178571428571429,0.4,0.5535714285714286,0.5,0.64,0.4107142857142857,0.4074074074074074,0.45098039215686275,0.39655172413793105,0.49122807017543857,0.5178571428571429,0.5208333333333334,0.5185185185185185,0.48,0.5272727272727272
158,1,0.6,0.5882352941176471,0.5792349726775956,0.5966850828729282,0.6108108108108108,0.43548387096774194,0.32786885245901637,0.33507853403141363,0.3829787234042553,0.37967914438502676,0.3641025641025641,0.39790575916230364,0.37894736842105264,0.48704663212435234,0.520618556701031,0.5102040816326531,0.5151515151515151,0.517948717948718,0.532967032967033,0.5054347826086957,0.6210526315789474
159,2,0.7964071856287425,0.8,0.7732558139534884,0.7393939393939394,0.7209302325581395,0.6904761904761905,0.6904761904761905,0.7005988023952096,0.6441717791411042,0.686046511627907,0.7878787878787878,0.8045977011494253,0.6470588235294118,0.7209302325581395,0.6728395061728395,0.64375,0.6459627329192547,0.7159763313609467,0.7125748502994012,0.775,0.7738095238095238
160,0,0.669683257918552,0.6336206896551724,0.5707964601769911,0.5069767441860465,0.3915094339622642,0.3333333333333333,0.31221719457013575,0.29523809523809524,0.2850678733031674,0.26200873362445415,0.2850678733031674,0.19196428571428573,0.14224137931034483,0.12727272727272726,0.11555555555555555,0.1894273127753304,0.3440366972477064,0.2465753424657534,0.31004366812227074,0.47058823529411764,0.6772727272727272
161,2,0.37662337662337664,0.33043478260869563,0.40611353711790393,0.3469387755102041,0.3412698412698413,0.2948717948717949,0.34854771784232363,0.32217573221757323,0.3868312757201646,0.40816326530612246,0.4152542372881356,0.4728682170542636,0.4939759036144578,0.4959677419354839,0.3875,0.4016393442622951,0.3799126637554585,0.4025974025974026,0.3983739837398374,0.3497942386831276,0.37446808510638296
162,2,0.7697368421052632,0.6392405063291139,0.6282051282051282,0.6477987421383647,0.5960264900662252,0.6289308176100629,0.7027027027027027,0.7197452229299363,0.6733333333333333,0.6623376623376623,0.76875,0.5868263473053892,0.6036585365853658,0.6163522012578616,0.6114649681528662,0.6981132075471698,0.6390532544378699,0.7005988023952096,0.7051282051282052,0.7058823529411765,0.7337662337662337
163,2,0.7263157894736842,0.5694915254237288,0.5326797385620915,0.5178571428571429,0.43272727272727274,0.40559440559440557,0.4639175257731959,0.5,0.4652777777777778,0.4948453608247423,0.6702127659574468,0.5051546391752577,0.5451388888888888,0.4981949458483754,0.44404332129963897,0.39361702127659576,0.5017921146953405,0.5740740740740741,0.5390334572490706,0.6167883211678832,0.7333333333333333
164,2,0.5313807531380753,0.5254237288135594,0.5319148936170213,0.5276595744680851,0.5850622406639004,0.6042553191489362,0.5764192139737991,0.5245901639344263,0.5040322580645161,0.502127659574468,0.4721030042918455,0.4268292682926829,0.49344978165938863,0.49137931034482757,0.5128205128205128,0.5657894736842105,0.5726495726495726,0.4826086956521739,0.5154185022026432,0.4879032258064516,0.5518672199170125
165,2,0.6097560975609756,0.569672131147541,0.6317991631799164,0.6536796536796536,0.6776859504132231,0.5853658536585366,0.503968253968254,0.5435684647302904,0.612,0.6352459016393442,0.6831275720164609,0.5058365758754864,0.5528455284552846,0.5977011494252874,0.5622489959839357,0.592,0.6463414634146342,0.574468085106383,0.5284552845528455,0.5060240963855421,0.5951417004048583
166,2,0.8059701492537313,0.8688524590163934,0.8688524590163934,0.7213114754098361,0.5714285714285714,0.6721311475409836,0.5901639344262295,0.5573770491803278,0.5692307692307692,0.5223880597014925,0.7321428571428571,0.8688524590163934,0.7321428571428571,0.7076923076923077,0.7846153846153846,0.639344262295082,0.6212121212121212,0.6333333333333333,0.7205882352941176,0.676923076923077,0.835820895522388
167,2,0.5987261146496815,0.5098039215686274,0.5341614906832298,0.4413793103448276,0.49324324324324326,0.5405405405405406,0.4057971014492754,0.4605263157894737,0.42953020134228187,0.36666666666666664,0.375,0.16551724137931034,0.17123287671232876,0.10273972602739725,0.11764705882352941,0.1390728476821192,0.2847222222222222,0.38562091503267976,0.46,0.46405228758169936,0.5759493670886076
168,2,0.6437246963562753,0.40711462450592883,0.3931297709923664,0.21923076923076923,0.17735849056603772,0.10317460317460317,0.1169811320754717,0.10902255639097744,0.17110266159695817,0.30859375,0.6547619047619048,0.3782771535580524,0.3333333333333333,0.2222222222222222,0.14652014652014653,0.08846153846153847,0.16015625,0.18,0.21653543307086615,0.2903225806451613,0.6345381526104418
169,0,0.9170305676855895,0.8464912280701754,0.8377192982456141,0.7947598253275109,0.7324561403508771,0.690677966101695,0.7095435684647303,0.7245762711864406,0.7543103448275862,0.8212765957446808,0.9364406779661016,0.7948717948717948,0.7795918367346939,0.7676348547717843,0.7295081967213115,0.725,0.7447698744769874,0.7652173913043478,0.7916666666666666,0.8140495867768595,0.9118942731277533
170,2,0.7101449275362319,0.49295774647887325,0.35294117647058826,0.4142857142857143,0.42105263157894735,0.4383561643835616,0.4782608695652174,0.3918918918918919,0.5,0.4142857142857143,0.42028985507246375,0.4090909090909091,0.4117647058823529,0.410958904109589,0.43478260869565216,0.3125,0.3492063492063492,0.43661971830985913,0.44776119402985076,0.5915492957746479,0.6428571428571429
171,1,0.8095238095238095,0.6021505376344086,0.5833333333333334,0.5217391304347826,0.43478260869565216,0.49473684210526314,0.41304347826086957,0.3838383838383838,0.41,0.5148514851485149,0.5319148936170213,0.5686274509803921,0.6530612244897959,0.6413043478260869,0.6875,0.6888888888888889,0.5425531914893617,0.6224489795918368,0.7411764705882353,0.7816091954022989,0.8571428571428571
172,2,0.4315352697095436,0.3695652173913043,0.40611353711790393,0.4152542372881356,0.35807860262008734,0.3702127659574468,0.41935483870967744,0.4132231404958678,0.412,0.4268774703557312,0.497907949790795,0.3168724279835391,0.3458333333333333,0.34893617021276596,0.25,0.22362869198312235,0.24583333333333332,0.3170731707317073,0.3469387755102041,0.36885245901639346,0.4767932489451477
173,2,0.4024390243902439,0.3391304347826087,0.2865853658536585,0.2577639751552795,0.2553191489361702,0.27710843373493976,0.2182890855457227,0.1804733727810651,0.16119402985074627,0.23511904761904762,0.4126506024096386,0.34718100890207715,0.3236151603498542,0.35755813953488375,0.34971098265895956,0.29003021148036257,0.19584569732937684,0.2319277108433735,0.2603550295857988,0.3026706231454006,0.39939024390243905
174,2,0.6067415730337079,0.4444444444444444,0.5913978494623656,0.5684210526315789,0.5529411764705883,0.5057471264367817,0.45977011494252873,0.4567901234567901,0.5402298850574713,0.475,0.6923076923076923,0.49411764705882355,0.5340909090909091,0.4222222222222222,0.3875,0.3,0.3176470588235294,0.4050632911392405,0.5777777777777777,0.45161290322580644,0.5617977528089888
175,2,0.5217391304347826,0.445578231292517,0.3022508038585209,0.23333333333333334,0.265993265993266,0.3181818181818182,0.23248407643312102,0.2939297124600639,0.32450331125827814,0.4675324675324675,0.461038961038961,0.36507936507936506,0.3104575163398693,0.28,0.2993421052631579,0.2662337662337662,0.26366559485530544,0.2516778523489933,0.30097087378640774,0.39285714285714285,0.5481727574750831
176,0,0.6862745098039216,0.475177304964539,0.5594405594405595,0.5524475524475524,0.4722222222222222,0.4935064935064935,0.47019867549668876,0.474025974025974,0.5231788079470199,0.4768211920529801,0.7094594594594594,0.47468354430379744,0.43670886075949367,0.3708609271523179,0.45161290322580644,0.34415584415584416,0.35714285714285715,0.4105960264900662,0.410958904109589,0.38461538461538464,0.7161290322580646
177,2,0.5522388059701493,0.5450980392156862,0.6465863453815262,0.6475409836065574,0.4921259842519685,0.5163636363636364,0.5019157088122606,0.496,0.5763358778625954,0.5946969696969697,0.6162790697674418,0.4904214559386973,0.5859375,0.5592592592592592,0.5535055350553506,0.5776892430278885,0.6147859922178989,0.5559701492537313,0.5311355311355311,0.4632352941176471,0.5300751879699248
178,2,0.5634517766497462,0.4429223744292237,0.42857142857142855,0.44390243902439025,0.4507042253521127,0.47115384615384615,0.5125628140703518,0.5369458128078818,0.5625,0.5161290322580645,0.5141509433962265,0.47029702970297027,0.43601895734597157,0.3686868686868687,0.35353535353535354,0.36893203883495146,0.411214953271028,0.5048543689320388,0.46798029556650245,0.5305164319248826,0.5700483091787439
179,2,0.4609375,0.4485294117647059,0.3880597014925373,0.47265625,0.27710843373493976,0.250936329588015,0.28205128205128205,0.4065934065934066,0.38022813688212925,0.4806201550387597,0.6245059288537549,0.45525291828793774,0.40823970037453183,0.33962264150943394,0.3090909090909091,0.30566037735849055,0.33725490196078434,0.3401639344262295,0.38372093023255816,0.33460076045627374,0.4609375
180,2,0.6223776223776224,0.5496688741721855,0.33986928104575165,0.44171779141104295,0.4429530201342282,0.564625850340136,0.6190476190476191,0.6078431372549019,0.5161290322580645,0.4489795918367347,0.5067567567567568,0.4267515923566879,0.47058823529411764,0.4013605442176871,0.6064516129032258,0.538961038961039,0.5493827160493827,0.5290322580645161,0.4934210526315789,0.475177304964539,0.6344827586206897
181,2,0.6046511627906976,0.5681818181818182,0.4222222222222222,0.4418604651162791,0.44680851063829785,0.5348837209302325,0.525,0.4888888888888889,0.6818181818181818,0.5897435897435898,0.45,0.41304347826086957,0.2619047619047619,0.40425531914893614,0.3333333333333333,0.3541666666666667,0.42857142857142855,0.4090909090909091,0.4444444444444444,0.3409090909090909,0.4186046511627907
182,2,0.336,0.24615384615384617,0.3076923076923077,0.373134328358209,0.34057971014492755,0.28346456692913385,0.31666666666666665,0.43859649122807015,0.4049586776859504,0.4369747899159664,0.5785123966942148,0.6842105263157895,0.5,0.3949579831932773,0.28448275862068967,0.2992125984251969,0.22131147540983606,0.2689075630252101,0.3247863247863248,0.3089430894308943,0.3333333333333333
183,2,0.6077170418006431,0.4950166112956811,0.4668769716088328,0.42948717948717946,0.36577181208053694,0.4037854889589905,0.4472843450479233,0.36741214057507987,0.38390092879256965,0.42105263157894735,0.4592833876221498,0.38125,0.43086816720257237,0.43670886075949367,0.42948717948717946,0.3782894736842105,0.34983498349834985,0.3583061889250814,0.4810126582278481,0.5379746835443038,0.5876623376623377
184,2,0.2314410480349345,0.22666666666666666,0.20512820512820512,0.1926605504587156,0.13615023474178403,0.22380952380952382,0.17142857142857143,0.24434389140271492,0.2798165137614679,0.314410480349345,0.37383177570093457,0.3472803347280335,0.3031674208144796,0.3055555555555556,0.29357798165137616,0.27403846153846156,0.23255813953488372,0.24107142857142858,0.22033898305084745,0.22123893805309736,0.24444444444444444
185,1,0.572972972972973,0.5979381443298969,0.518918918918919,0.5240641711229946,0.5084745762711864,0.5193370165745856,0.5384615384615384,0.6321243523316062,0.6861702127659575,0.5721925133689839,0.4756756756756757,0.4810810810810811,0.5025125628140703,0.576530612244898,0.6397849462365591,0.6666666666666666,0.5634517766497462,0.41450777202072536,0.3612565445026178,0.41711229946524064,0.5519125683060109
186,2,0.4583333333333333,0.24127906976744187,0.18529411764705883,0.22324159021406728,0.2127659574468085,0.23163841807909605,0.2616279069767442,0.2492753623188406,0.27696793002915454,0.37464788732394366,0.5976331360946746,0.4730878186968839,0.4830508474576271,0.4791666666666667,0.47246376811594204,0.3305084745762712,0.40298507462686567,0.3685800604229607,0.32238805970149254,0.2920353982300885,0.4631268436578171
187,2,0.6447761194029851,0.5290697674418605,0.4808259587020649,0.4457831325301205,0.39465875370919884,0.3776435045317221,0.42441860465116277,0.2982456140350877,0.3469387755102041,0.3531073446327684,0.42857142857142855,0.25787965616045844,0.28869047619047616,0.2155688622754491,0.26011560693641617,0.21282798833819241,0.3203592814371258,0.37462235649546827,0.4388059701492537,0.471976401179941,0.6489675516224189
188,2,0.5,0.48936170212765956,0.5187165775401069,0.5113636363636364,0.5672514619883041,0.6510416666666666,0.6270270270270271,0.6627906976744186,0.5697674418604651,0.5224719101123596,0.5359116022099447,0.34285714285714286,0.3225806451612903,0.36649214659685864,0.3526315789473684,0.3444976076555024,0.3349282296650718,0.33014354066985646,0.32019704433497537,0.39705882352941174,0.5
189,2,0.8120567375886525,0.7275985663082437,0.7007042253521126,0.5729166666666666,0.5179856115107914,0.5033783783783784,0.4564459930313589,0.40350877192982454,0.47017543859649125,0.5480427046263345,0.6941580756013745,0.49174917491749176,0.48986486486486486,0.576271186440678,0.59375,0.568904593639576,0.5993150684931506,0.6484641638225256,0.6370106761565836,0.6335616438356164,0.7578947368421053
190,2,0.4551282051282051,0.4129032258064516,0.46,0.49032258064516127,0.46296296296296297,0.34591194968553457,0.36645962732919257,0.42857142857142855,0.4491017964071856,0.3885350318471338,0.503030303030303,0.5159235668789809,0.5297619047619048,0.621301775147929,0.5316455696202531,0.5,0.5584415584415584,0.5961538461538461,0.56875,0.5098039215686274,0.4873417721518987
191,2,0.46920821114369504,0.3136094674556213,0.3063063063063063,0.3032069970845481,0.34523809523809523,0.34097421203438394,0.5157593123209169,0.5084745762711864,0.60932944606414,0.6201117318435754,0.6909620991253644,0.5418994413407822,0.4378698224852071,0.25748502994011974,0.3225806451612903,0.27348066298342544,0.4101796407185629,0.36555891238670696,0.4310850439882698,0.4668587896253602,0.4633431085043988
192,2,0.41312741312741313,0.3784860557768924,0.4591439688715953,0.4628099173553719,0.4279835390946502,0.33073929961089493,0.26556016597510373,0.284,0.26136363636363635,0.22014925373134328,0.24632352941176472,0.10144927536231885,0.08029197080291971,0.0830188679245283,0.09505703422053231,0.06097560975609756,0.10980392156862745,0.18250950570342206,0.2313167259786477,0.30824372759856633,0.4015444015444015
193,2,0.42258064516129035,0.37694704049844235,0.36890243902439024,0.3770491803278688,0.28938906752411575,0.3279742765273312,0.3167701863354037,0.3701492537313433,0.32298136645962733,0.39759036144578314,0.4748427672955975,0.40797546012269936,0.34055727554179566,0.3415384615384615,0.3867069486404834,0.3086053412462908,0.3559870550161812,0.4234527687296417,0.39692307692307693,0.39814814814814814,0.4222222222222222
194,0,0.53125,0.44155844155844154,0.4703389830508475,0.43577981651376146,0.31718061674008813,0.3133047210300429,0.3142857142857143,0.30472103004291845,0.3891213389121339,0.4473684210526316,0.5515695067264574,0.3950617283950617,0.3821138211382114,0.42213114754098363,0.42616033755274263,0.41810344827586204,0.44537815126050423,0.5423728813559322,0.5046296296296297,0.5021834061135371,0.5267857142857143
195,2,0.4716417910447761,0.48,0.5013774104683195,0.43859649122807015,0.2955223880597015,0.2983425414364641,0.3567251461988304,0.2892561983471074,0.2994350282485876,0.30532212885154064,0.30704225352112674,0.2722222222222222,0.3502824858757062,0.27146814404432135,0.2897727272727273,0.3054054054054054,0.26900584795321636,0.2542372881355932,0.42134831460674155,0.43869209809264303,0.5518207282913166
196,2,0.5032894736842105,0.501577287066246,0.41346153846153844,0.3627450980392157,0.30392156862745096,0.24242424242424243,0.2786885245901639,0.32038834951456313,0.24358974358974358,0.22442244224422442,0.23728813559322035,0.1864951768488746,0.17320261437908496,0.14625850340136054,0.1830065359477124,0.1879432624113475,0.3081967213114754,0.3265993265993266,0.39171974522292996,0.4888888888888889,0.5083612040133779
197,2,0.6071428571428571,0.5459183673469388,0.5595854922279793,0.5566502463054187,0.5595854922279793,0.5308056872037915,0.4523809523809524,0.430622009569378,0.47572815533980584,0.4358974358974359,0.49214659685863876,0.5902439024390244,0.5922330097087378,0.5172413793103449,0.5422885572139303,0.5198019801980198,0.5226130653266332,0.5353535353535354,0.5099009900990099,0.5756097560975609,0.6358974358974359
198,0,0.8695652173913043,0.8478260869565217,0.75,0.7291666666666666,0.5531914893617021,0.5714285714285714,0.5882352941176471,0.6538461538461539,0.7346938775510204,0.74,0.8235294117647058,0.74,0.7358490566037735,0.717391304347826,0.7358490566037735,0.6666666666666666,0.7647058823529411,0.6981132075471698,0.8823529411764706,0.7906976744186046,0.8913043478260869
199,2,0.4117647058823529,0.3333333333333333,0.30851063829787234,0.36363636363636365,0.29642857142857143,0.3546099290780142,0.4290909090909091,0.4028776978417266,0.35231316725978645,0.23636363636363636,0.3516483516483517,0.3467153284671533,0.2956204379562044,0.27402135231316727,0.2647058823529412,0.33941605839416056,0.45161290322580644,0.41403508771929826,0.3561643835616438,0.3908450704225352,0.45018450184501846
